  <log4j:Event logger="FabricLoader/GameProvider" timestamp="1791649616914" level="INFO" thread="main">
    <log4j:Message><![CDATA[Loading Minecraft 26.1.2 with Fabric Loader 0.19.5]]></log4j:Message>
  </log4j:Event>
  <log4j:Event logger="FabricLoader/Mappings" timestamp="1791649616916" level="INFO" thread="main">
    <log4j:Message><![CDATA[Mappings not present!]]></log4j:Message>
  </log4j:Event>
  <log4j:Event logger="FabricLoader/Resolution" timestamp="1791649617052" level="WARN" thread="main">
    <log4j:Message><![CDATA[Warnings were found!
 - Mod 'Dynamic FPS' (dynamic_fps) 3.11.7 recommends any version of modmenu, which is missing!
	 - You should install any version of modmenu for the optimal experience.]]></log4j:Message>
  </log4j:Event>
  <log4j:Event logger="FabricLoader" timestamp="1791649617053" level="INFO" thread="main">
    <log4j:Message><![CDATA[Loading 68 mods:
	- badoptimizations 2.4.1
	- cloth-config 26.1.154
	   \-- cloth-basic-math 0.6.1
	- clumps 26.1.2.1
	- dynamic_fps 3.11.7
	   |-- dynamic_fps_common 3.11.7
	   \-- net_lostluma_battery 2.1.0
	- entityculling 1.11.3
	   |-- transition 1.0.26
	   \-- trender 1.0.17
	- fabric-api 0.155.3+26.1.2
	   |-- fabric-api-base 2.0.3+ece063234c
	   |-- fabric-api-lookup-api-v1 2.0.12+d5a053b64c
	   |-- fabric-biome-api-v1 18.0.5+2fa62b4e4c
	   |-- fabric-block-api-v1 3.0.2+ec56b6014c
	   |-- fabric-block-getter-api-v2 2.0.6+ec56b6014c
	   |-- fabric-command-api-v2 3.0.5+e2bdee784c
	   |-- fabric-content-registries-v0 11.3.1+af8a297c4c
	   |-- fabric-convention-tags-v2 4.6.2+4f11f7994c
	   |-- fabric-crash-report-info-v1 1.0.3+9f78a5a84c
	   |-- fabric-creative-tab-api-v1 5.0.12+a981f2874c
	   |-- fabric-data-attachment-api-v1 2.2.10+44a0bd1d4c
	   |-- fabric-data-generation-api-v1 24.3.4+cda368334c
	   |-- fabric-debug-api-v1 1.0.1+c792624d4c
	   |-- fabric-dimensions-v1 5.1.7+ad343a8d4c
	   |-- fabric-entity-events-v1 5.0.2+e2bdee784c
	   |-- fabric-events-interaction-v0 5.2.3+07b380be4c
	   |-- fabric-game-rule-api-v1 4.0.5+d871b99e4c
	   |-- fabric-item-api-v1 14.3.0+6d1aaa724c
	   |-- fabric-key-mapping-api-v1 2.0.4+e2bdee784c
	   |-- fabric-lifecycle-events-v1 4.1.1+df84eb3d4c
	   |-- fabric-loot-api-v3 3.0.12+00a1fba64c
	   |-- fabric-menu-api-v1 2.0.15+d871b99e4c
	   |-- fabric-message-api-v1 7.0.5+dae8ce3e4c
	   |-- fabric-model-loading-api-v1 8.0.11+c80601bb4c
	   |-- fabric-networking-api-v1 6.3.2+a217cccf4c
	   |-- fabric-object-builder-api-v1 23.1.1+abb459f14c
	   |-- fabric-particles-v1 5.0.16+b61fef434c
	   |-- fabric-permission-api-v1 1.0.3+5730ecca4c
	   |-- fabric-recipe-api-v1 9.0.17+be4b75ae4c
	   |-- fabric-registry-sync-v0 7.1.1+2fa62b4e4c
	   |-- fabric-renderer-api-v1 13.0.8+c80601bb4c
	   |-- fabric-renderer-indigo 8.1.5+1403e82c4c
	   |-- fabric-rendering-fluids-v1 6.0.1+d871b99e4c
	   |-- fabric-rendering-v1 23.3.1+e9207d814c
	   |-- fabric-resource-conditions-api-v1 6.1.0+83dd0ba34c
	   |-- fabric-resource-loader-v0 3.3.17+4fc5413f4c
	   |-- fabric-resource-loader-v1 2.0.10+7c44c7324c
	   |-- fabric-screen-api-v1 5.1.0+981dd9b24c
	   |-- fabric-serialization-api-v1 2.0.3+11a26f314c
	   |-- fabric-sound-api-v1 2.0.4+11a26f314c
	   |-- fabric-tag-api-v1 2.1.1+371cf5db4c
	   |-- fabric-transfer-api-v1 8.0.6+357ea7334c
	   \-- fabric-transitive-access-wideners-v1 8.1.3+3ff549fb4c
	- fabricloader 0.19.5
	   \-- mixinextras 0.5.5
	- ferritecore 9.0.0
	- immediatelyfast 1.15.3+26.1
	   \-- net_lenni0451_reflect 1.6.2
	- java 25
	- lithium 0.24.7+mc26.1.2
	- minecraft 26.1.2
	- moreculling 1.7.3
	   |-- conditional-mixin 0.6.3
	   \-- mixinsquared 0.2.0
	- peregrine-client 1.0.1
	- scalablelux 0.2.0+fabric.2b63825
	- sodium 0.9.2+mc26.1.2
	   \-- fabric-api-base 2.0.3+ece063234c]]></log4j:Message>
  </log4j:Event>
  <log4j:Event logger="FabricLoader/Mixin" timestamp="1791649617125" level="INFO" thread="main">
    <log4j:Message><![CDATA[SpongePowered MIXIN Subsystem Version=0.8.7 Source=file:/home/runner/work/peregrine-launcher/peregrine-launcher/out/26.1.2/home/data/peregrine/libraries/net/fabricmc/sponge-mixin/0.17.4+mixin.0.8.7/sponge-mixin-0.17.4+mixin.0.8.7.jar Service=Knot/Fabric Env=CLIENT]]></log4j:Message>
  </log4j:Event>
  <log4j:Event logger="BadOptimizations" timestamp="1791649617223" level="INFO" thread="main">
    <log4j:Message><![CDATA[Config version: 6]]></log4j:Message>
  </log4j:Event>
  <log4j:Event logger="BadOptimizations" timestamp="1791649617224" level="INFO" thread="main">
    <log4j:Message><![CDATA[BadOptimizations is generating the config with default values]]></log4j:Message>
  </log4j:Event>
  <log4j:Event logger="BadOptimizations" timestamp="1791649617224" level="INFO" thread="main">
    <log4j:Message><![CDATA[Generating config file version 6]]></log4j:Message>
  </log4j:Event>
  <log4j:Event logger="FabricLoader/Mixin" timestamp="1791649617227" level="WARN" thread="main">
    <log4j:Message><![CDATA[Reference map 'clumps.refmap.json' for clumps.mixins.json could not be read. If this is a development environment you can ignore this message]]></log4j:Message>
  </log4j:Event>
  <log4j:Event logger="FabricLoader/Mixin" timestamp="1791649617227" level="WARN" thread="main">
    <log4j:Message><![CDATA[Reference map 'entityculling.refmap.mixins.json' for entityculling.mixins.json could not be read. If this is a development environment you can ignore this message]]></log4j:Message>
  </log4j:Event>
  <log4j:Event logger="Lithium" timestamp="1791649617415" level="INFO" thread="main">
    <log4j:Message><![CDATA[Loaded configuration file for Lithium: 171 options available, 0 override(s) found.]]></log4j:Message>
  </log4j:Event>
  <log4j:Event logger="Sodium" timestamp="1791649617452" level="INFO" thread="main">
    <log4j:Message><![CDATA[Loaded configuration file for Sodium: 37 options available, 0 override(s) found]]></log4j:Message>
  </log4j:Event>
  <log4j:Event logger="Sodium-GraphicsAdapterProbe" timestamp="1791649618028" level="INFO" thread="main">
    <log4j:Message><![CDATA[Searching for graphics cards...]]></log4j:Message>
  </log4j:Event>
  <log4j:Event logger="Sodium-GraphicsAdapterProbe" timestamp="1791649618030" level="WARN" thread="main">
    <log4j:Message><![CDATA[Could not find any graphics adapters! Probably the device is not on a bus we can probe, or there are no devices supporting 3D acceleration.]]></log4j:Message>
  </log4j:Event>
  <log4j:Event logger="Sodium-Workarounds" timestamp="1791649618032" level="WARN" thread="main">
    <log4j:Message><![CDATA[Sodium has applied one or more workarounds to prevent crashes or other issues on your system: [NO_ERROR_CONTEXT_UNSUPPORTED]]]></log4j:Message>
  </log4j:Event>
  <log4j:Event logger="Sodium-Workarounds" timestamp="1791649618032" level="WARN" thread="main">
    <log4j:Message><![CDATA[This is not necessarily an issue, but it may result in certain features or optimizations being disabled. You can sometimes fix these issues by upgrading your graphics driver.]]></log4j:Message>
  </log4j:Event>
  <log4j:Event logger="FabricLoader/MixinExtras|Service" timestamp="1791649618122" level="INFO" thread="main">
    <log4j:Message><![CDATA[Initializing MixinExtras via com.llamalad7.mixinextras.service.MixinExtrasServiceImpl(version=0.5.5).]]></log4j:Message>
  </log4j:Event>
  <log4j:Event logger="com.mojang.datafixers.DataFixerBuilder" timestamp="1791649618921" level="INFO" thread="Datafixer Bootstrap">
    <log4j:Message><![CDATA[291 Datafixer optimizations took 357 milliseconds]]></log4j:Message>
  </log4j:Event>
  <log4j:Event logger="com.mojang.authlib.yggdrasil.YggdrasilAuthenticationService" timestamp="1791649622001" level="INFO" thread="Render thread">
    <log4j:Message><![CDATA[Environment: Environment[sessionHost=https://sessionserver.mojang.com, servicesHost=https://api.minecraftservices.com, profilesHost=https://api.mojang.com, name=PROD]]]></log4j:Message>
  </log4j:Event>
  <log4j:Event logger="net.minecraft.client.Minecraft" timestamp="1791649622021" level="INFO" thread="Render thread">
    <log4j:Message><![CDATA[Setting user: Tester]]></log4j:Message>
  </log4j:Event>
  <log4j:Event logger="net.fabricmc.fabric.impl.client.indigo.Indigo" timestamp="1791649622293" level="INFO" thread="Render thread">
    <log4j:Message><![CDATA[[Indigo] Different rendering plugin detected; not applying Indigo.]]></log4j:Message>
  </log4j:Event>
  <log4j:Event logger="net.minecraft.server.LoggedPrintStream" timestamp="1791649622390" level="INFO" thread="Render thread">
    <log4j:Message><![CDATA[[STDOUT]: [TRender] Initializing Client...]]></log4j:Message>
  </log4j:Event>
  <log4j:Event logger="Sodium" timestamp="1791649622504" level="INFO" thread="Render thread">
    <log4j:Message><![CDATA[Setting exclusive fullscreen to true by default, as the user is not on Windows and the language cannot be guessed.]]></log4j:Message>
  </log4j:Event>
  <log4j:Event logger="net.minecraft.client.Minecraft" timestamp="1791649622518" level="INFO" thread="Render thread">
    <log4j:Message><![CDATA[Backend library: LWJGL version 3.4.1-snapshot]]></log4j:Message>
  </log4j:Event>
  <log4j:Event logger="net.minecraft.client.Minecraft" timestamp="1791649622572" level="ERROR" thread="Download-2">
    <log4j:Message><![CDATA[Failed to fetch user properties]]></log4j:Message>
    <log4j:Throwable><![CDATA[com.mojang.authlib.exceptions.InvalidCredentialsException: Status: 401
	at knot//com.mojang.authlib.exceptions.MinecraftClientHttpException.toAuthenticationException(MinecraftClientHttpException.java:59)
	at knot//com.mojang.authlib.yggdrasil.YggdrasilUserApiService.fetchProperties(YggdrasilUserApiService.java:150)
	at knot//net.minecraft.client.Minecraft.lambda$new$1(Minecraft.java:459)
	at java.base/java.util.concurrent.CompletableFuture$AsyncSupply.run(Unknown Source)
	at java.base/java.util.concurrent.ThreadPoolExecutor.runWorker(Unknown Source)
	at java.base/java.util.concurrent.ThreadPoolExecutor$Worker.run(Unknown Source)
	at java.base/java.lang.Thread.run(Unknown Source)
Caused by: MinecraftClientHttpException[type=HTTP_ERROR, status=401, response=ErrorResponse[path=/player/attributes, error=null, errorMessage=null, details=null]]
	at knot//com.mojang.authlib.minecraft.client.MinecraftClient.readInputStream(MinecraftClient.java:103)
	at knot//com.mojang.authlib.minecraft.client.MinecraftClient.get(MinecraftClient.java:56)
	at knot//com.mojang.authlib.yggdrasil.YggdrasilUserApiService.fetchProperties(YggdrasilUserApiService.java:121)
	... 5 more
]]></log4j:Throwable>
  </log4j:Event>
ATTENTION: default value of option mesa_glthread overridden by environment.
  <log4j:Event logger="ImmediatelyFast" timestamp="1791649622882" level="INFO" thread="Render thread">
    <log4j:Message><![CDATA[Initializing ImmediatelyFast 1.15.3+26.1 on llvmpipe (LLVM 20.1.2, 256 bits) (Mesa) with OpenGL 4.5 (Core Profile) Mesa 25.2.8-0ubuntu0.24.04.4]]></log4j:Message>
  </log4j:Event>
  <log4j:Event logger="net.minecraft.client.Minecraft" timestamp="1791649622929" level="INFO" thread="Render thread">
    <log4j:Message><![CDATA[Using optional rendering extensions: GL_ARB_buffer_storage, GL_KHR_debug, GL_ARB_vertex_attrib_binding, GL_ARB_direct_state_access, GL_EXT_texture_filter_anisotropic]]></log4j:Message>
  </log4j:Event>
  <log4j:Event logger="com.mojang.text2speech.Narrator" timestamp="1791649623353" level="ERROR" thread="Render thread">
    <log4j:Message><![CDATA[Error while loading the narrator]]></log4j:Message>
    <log4j:Throwable><![CDATA[com.mojang.text2speech.Narrator$InitializeException: Failed to load library flite
	at knot//com.mojang.text2speech.NarratorLinux$FliteLibrary.loadNative(NarratorLinux.java:81)
	at knot//com.mojang.text2speech.NarratorLinux.<init>(NarratorLinux.java:18)
	at knot//com.mojang.text2speech.Narrator.getNarrator(Narrator.java:41)
	at knot//net.minecraft.client.GameNarrator.<init>(GameNarrator.java:20)
	at knot//net.minecraft.client.Minecraft.<init>(Minecraft.java:726)
	at knot//net.minecraft.client.main.Main.main(Main.java:232)
	at net.fabricmc.loader.impl.game.minecraft.MinecraftGameProvider.launch(MinecraftGameProvider.java:517)
	at net.fabricmc.loader.impl.launch.knot.Knot.launch(Knot.java:72)
	at net.fabricmc.loader.impl.launch.knot.KnotClient.main(KnotClient.java:23)
Caused by: java.lang.UnsatisfiedLinkError: Unable to load library 'flite':
libflite.so: cannot open shared object file: No such file or directory
libflite.so: cannot open shared object file: No such file or directory
Native library (linux-x86-64/libflite.so) not found in resource path (/home/runner/work/peregrine-launcher/peregrine-launcher/out/26.1.2/home/data/peregrine/libraries/org/ow2/asm/asm/9.10.1/asm-9.10.1.jar:/home/runner/work/peregrine-launcher/peregrine-launcher/out/26.1.2/home/data/peregrine/libraries/org/ow2/asm/asm-analysis/9.10.1/asm-analysis-9.10.1.jar:/home/runner/work/peregrine-launcher/peregrine-launcher/out/26.1.2/home/data/peregrine/libraries/org/ow2/asm/asm-commons/9.10.1/asm-commons-9.10.1.jar:/home/runner/work/peregrine-launcher/peregrine-launcher/out/26.1.2/home/data/peregrine/libraries/org/ow2/asm/asm-tree/9.10.1/asm-tree-9.10.1.jar:/home/runner/work/peregrine-launcher/peregrine-launcher/out/26.1.2/home/data/peregrine/libraries/org/ow2/asm/asm-util/9.10.1/asm-util-9.10.1.jar:/home/runner/work/peregrine-launcher/peregrine-launcher/out/26.1.2/home/data/peregrine/libraries/net/fabricmc/sponge-mixin/0.17.4+mixin.0.8.7/sponge-mixin-0.17.4+mixin.0.8.7.jar:/home/runner/work/peregrine-launcher/peregrine-launcher/out/26.1.2/home/data/peregrine/libraries/net/fabricmc/fabric-loader/0.19.5/fabric-loader-0.19.5.jar:/home/runner/work/peregrine-launcher/peregrine-launcher/out/26.1.2/home/data/peregrine/libraries/at/yawk/lz4/lz4-java/1.10.1/lz4-java-1.10.1.jar:/home/runner/work/peregrine-launcher/peregrine-launcher/out/26.1.2/home/data/peregrine/libraries/com/azure/azure-json/1.4.0/azure-json-1.4.0.jar:/home/runner/work/peregrine-launcher/peregrine-launcher/out/26.1.2/home/data/peregrine/libraries/com/github/oshi/oshi-core/6.9.0/oshi-core-6.9.0.jar:/home/runner/work/peregrine-launcher/peregrine-launcher/out/26.1.2/home/data/peregrine/libraries/com/google/code/gson/gson/2.13.2/gson-2.13.2.jar:/home/runner/work/peregrine-launcher/peregrine-launcher/out/26.1.2/home/data/peregrine/libraries/com/google/guava/failureaccess/1.0.3/failureaccess-1.0.3.jar:/home/runner/work/peregrine-launcher/peregrine-launcher/out/26.1.2/home/data/peregrine/libraries/com/google/guava/guava/33.5.0-jre/guava-33.5.0-jre.jar:/home/runner/work/peregrine-launcher/peregrine-launcher/out/26.1.2/home/data/peregrine/libraries/com/ibm/icu/icu4j/77.1/icu4j-77.1.jar:/home/runner/work/peregrine-launcher/peregrine-launcher/out/26.1.2/home/data/peregrine/libraries/com/microsoft/azure/msal4j/1.23.1/msal4j-1.23.1.jar:/home/runner/work/peregrine-launcher/peregrine-launcher/out/26.1.2/home/data/peregrine/libraries/com/mojang/authlib/7.0.63/authlib-7.0.63.jar:/home/runner/work/peregrine-launcher/peregrine-launcher/out/26.1.2/home/data/peregrine/libraries/com/mojang/blocklist/1.0.10/blocklist-1.0.10.jar:/home/runner/work/peregrine-launcher/peregrine-launcher/out/26.1.2/home/data/peregrine/libraries/com/mojang/brigadier/1.3.10/brigadier-1.3.10.jar:/home/runner/work/peregrine-launcher/peregrine-launcher/out/26.1.2/home/data/peregrine/libraries/com/mojang/datafixerupper/9.0.19/datafixerupper-9.0.19.jar:/home/runner/work/peregrine-launcher/peregrine-launcher/out/26.1.2/home/data/peregrine/libraries/com/mojang/jtracy/1.0.37/jtracy-1.0.37.jar:/home/runner/work/peregrine-launcher/peregrine-launcher/out/26.1.2/home/data/peregrine/libraries/com/mojang/jtracy/1.0.37/jtracy-1.0.37-natives-linux.jar:/home/runner/work/peregrine-launcher/peregrine-launcher/out/26.1.2/home/data/peregrine/libraries/com/mojang/logging/1.6.11/logging-1.6.11.jar:/home/runner/work/peregrine-launcher/peregrine-launcher/out/26.1.2/home/data/peregrine/libraries/com/mojang/patchy/2.2.10/patchy-2.2.10.jar:/home/runner/work/peregrine-launcher/peregrine-launcher/out/26.1.2/home/data/peregrine/libraries/com/mojang/text2speech/1.18.11/text2speech-1.18.11.jar:/home/runner/work/peregrine-launcher/peregrine-launcher/out/26.1.2/home/data/peregrine/libraries/commons-codec/commons-codec/1.19.0/commons-codec-1.19.0.jar:/home/runner/work/peregrine-launcher/peregrine-launcher/out/26.1.2/home/data/peregrine/libraries/commons-io/commons-io/2.20.0/commons-io-2.20.0.jar:/home/runner/work/peregrine-launcher/peregrine-launcher/out/26.1.2/home/data/peregrine/libraries/io/netty/netty-buffer/4.2.7.Final/netty-buffer-4.2.7.Final.jar:/home/runner/work/peregrine-launcher/peregrine-launcher/out/26.1.2/home/data/peregrine/libraries/io/netty/netty-codec-base/4.2.7.Final/netty-codec-base-4.2.7.Final.jar:/home/runner/work/peregrine-launcher/peregrine-launcher/out/26.1.2/home/data/peregrine/libraries/io/netty/netty-codec-compression/4.2.7.Final/netty-codec-compression-4.2.7.Final.jar:/home/runner/work/peregrine-launcher/peregrine-launcher/out/26.1.2/home/data/peregrine/libraries/io/netty/netty-codec-http/4.2.7.Final/netty-codec-http-4.2.7.Final.jar:/home/runner/work/peregrine-launcher/peregrine-launcher/out/26.1.2/home/data/peregrine/libraries/io/netty/netty-common/4.2.7.Final/netty-common-4.2.7.Final.jar:/home/runner/work/peregrine-launcher/peregrine-launcher/out/26.1.2/home/data/peregrine/libraries/io/netty/netty-handler/4.2.7.Final/netty-handler-4.2.7.Final.jar:/home/runner/work/peregrine-launcher/peregrine-launcher/out/26.1.2/home/data/peregrine/libraries/io/netty/netty-resolver/4.2.7.Final/netty-resolver-4.2.7.Final.jar:/home/runner/work/peregrine-launcher/peregrine-launcher/out/26.1.2/home/data/peregrine/libraries/io/netty/netty-transport-classes-epoll/4.2.7.Final/netty-transport-classes-epoll-4.2.7.Final.jar:/home/runner/work/peregrine-launcher/peregrine-launcher/out/26.1.2/home/data/peregrine/libraries/io/netty/netty-transport-classes-kqueue/4.2.7.Final/netty-transport-classes-kqueue-4.2.7.Final.jar:/home/runner/work/peregrine-launcher/peregrine-launcher/out/26.1.2/home/data/peregrine/libraries/io/netty/netty-transport-native-epoll/4.2.7.Final/netty-transport-native-epoll-4.2.7.Final-linux-aarch_64.jar:/home/runner/work/peregrine-launcher/peregrine-launcher/out/26.1.2/home/data/peregrine/libraries/io/netty/netty-transport-native-epoll/4.2.7.Final/netty-transport-native-epoll-4.2.7.Final-linux-x86_64.jar:/home/runner/work/peregrine-launcher/peregrine-launcher/out/26.1.2/home/data/peregrine/libraries/io/netty/netty-transport-native-unix-common/4.2.7.Final/netty-transport-native-unix-common-4.2.7.Final.jar:/home/runner/work/peregrine-launcher/peregrine-launcher/out/26.1.2/home/data/peregrine/libraries/io/netty/netty-transport/4.2.7.Final/netty-transport-4.2.7.Final.jar:/home/runner/work/peregrine-launcher/peregrine-launcher/out/26.1.2/home/data/peregrine/libraries/it/unimi/dsi/fastutil/8.5.18/fastutil-8.5.18.jar:/home/runner/work/peregrine-launcher/peregrine-launcher/out/26.1.2/home/data/peregrine/libraries/net/java/dev/jna/jna-platform/5.17.0/jna-platform-5.17.0.jar:/home/runner/work/peregrine-launcher/peregrine-launcher/out/26.1.2/home/data/peregrine/libraries/net/java/dev/jna/jna/5.17.0/jna-5.17.0.jar:/home/runner/work/peregrine-launcher/peregrine-launcher/out/26.1.2/home/data/peregrine/libraries/net/sf/jopt-simple/jopt-simple/5.0.4/jopt-simple-5.0.4.jar:/home/runner/work/peregrine-launcher/peregrine-launcher/out/26.1.2/home/data/peregrine/libraries/org/apache/commons/commons-compress/1.28.0/commons-compress-1.28.0.jar:/home/runner/work/peregrine-launcher/peregrine-launcher/out/26.1.2/home/data/peregrine/libraries/org/apache/commons/commons-lang3/3.19.0/commons-lang3-3.19.0.jar:/home/runner/work/peregrine-launcher/peregrine-launcher/out/26.1.2/home/data/peregrine/libraries/org/apache/logging/log4j/log4j-api/2.25.2/log4j-api-2.25.2.jar:/home/runner/work/peregrine-launcher/peregrine-launcher/out/26.1.2/home/data/peregrine/libraries/org/apache/logging/log4j/log4j-core/2.25.2/log4j-core-2.25.2.jar:/home/runner/work/peregrine-launcher/peregrine-launcher/out/26.1.2/home/data/peregrine/libraries/org/apache/logging/log4j/log4j-slf4j2-impl/2.25.2/log4j-slf4j2-impl-2.25.2.jar:/home/runner/work/peregrine-launcher/peregrine-launcher/out/26.1.2/home/data/peregrine/libraries/org/jcraft/jorbis/0.0.17/jorbis-0.0.17.jar:/home/runner/work/peregrine-launcher/peregrine-launcher/out/26.1.2/home/data/peregrine/libraries/org/joml/joml/1.10.8/joml-1.10.8.jar:/home/runner/work/peregrine-launcher/peregrine-launcher/out/26.1.2/home/data/peregrine/libraries/org/jspecify/jspecify/1.0.0/jspecify-1.0.0.jar:/home/runner/work/peregrine-launcher/peregrine-launcher/out/26.1.2/home/data/peregrine/libraries/org/lwjgl/lwjgl-freetype/3.4.1/lwjgl-freetype-3.4.1.jar:/home/runner/work/peregrine-launcher/peregrine-launcher/out/26.1.2/home/data/peregrine/libraries/org/lwjgl/lwjgl-freetype/3.4.1/lwjgl-freetype-3.4.1-natives-linux.jar:/home/runner/work/peregrine-launcher/peregrine-launcher/out/26.1.2/home/data/peregrine/libraries/org/lwjgl/lwjgl-glfw/3.4.1/lwjgl-glfw-3.4.1.jar:/home/runner/work/peregrine-launcher/peregrine-launcher/out/26.1.2/home/data/peregrine/libraries/org/lwjgl/lwjgl-glfw/3.4.1/lwjgl-glfw-3.4.1-natives-linux.jar:/home/runner/work/peregrine-launcher/peregrine-launcher/out/26.1.2/home/data/peregrine/libraries/org/lwjgl/lwjgl-jemalloc/3.4.1/lwjgl-jemalloc-3.4.1.jar:/home/runner/work/peregrine-launcher/peregrine-launcher/out/26.1.2/home/data/peregrine/libraries/org/lwjgl/lwjgl-jemalloc/3.4.1/lwjgl-jemalloc-3.4.1-natives-linux.jar:/home/runner/work/peregrine-launcher/peregrine-launcher/out/26.1.2/home/data/peregrine/libraries/org/lwjgl/lwjgl-openal/3.4.1/lwjgl-openal-3.4.1.jar:/home/runner/work/peregrine-launcher/peregrine-launcher/out/26.1.2/home/data/peregrine/libraries/org/lwjgl/lwjgl-openal/3.4.1/lwjgl-openal-3.4.1-natives-linux.jar:/home/runner/work/peregrine-launcher/peregrine-launcher/out/26.1.2/home/data/peregrine/libraries/org/lwjgl/lwjgl-opengl/3.4.1/lwjgl-opengl-3.4.1.jar:/home/runner/work/peregrine-launcher/peregrine-launcher/out/26.1.2/home/data/peregrine/libraries/org/lwjgl/lwjgl-opengl/3.4.1/lwjgl-opengl-3.4.1-natives-linux.jar:/home/runner/work/peregrine-launcher/peregrine-launcher/out/26.1.2/home/data/peregrine/libraries/org/lwjgl/lwjgl-stb/3.4.1/lwjgl-stb-3.4.1.jar:/home/runner/work/peregrine-launcher/peregrine-launcher/out/26.1.2/home/data/peregrine/libraries/org/lwjgl/lwjgl-stb/3.4.1/lwjgl-stb-3.4.1-natives-linux.jar:/home/runner/work/peregrine-launcher/peregrine-launcher/out/26.1.2/home/data/peregrine/libraries/org/lwjgl/lwjgl-tinyfd/3.4.1/lwjgl-tinyfd-3.4.1.jar:/home/runner/work/peregrine-launcher/peregrine-launcher/out/26.1.2/home/data/peregrine/libraries/org/lwjgl/lwjgl-tinyfd/3.4.1/lwjgl-tinyfd-3.4.1-natives-linux.jar:/home/runner/work/peregrine-launcher/peregrine-launcher/out/26.1.2/home/data/peregrine/libraries/org/lwjgl/lwjgl/3.4.1/lwjgl-3.4.1.jar:/home/runner/work/peregrine-launcher/peregrine-launcher/out/26.1.2/home/data/peregrine/libraries/org/lwjgl/lwjgl/3.4.1/lwjgl-3.4.1-natives-linux.jar:/home/runner/work/peregrine-launcher/peregrine-launcher/out/26.1.2/home/data/peregrine/libraries/org/slf4j/slf4j-api/2.0.17/slf4j-api-2.0.17.jar:/home/runner/work/peregrine-launcher/peregrine-launcher/out/26.1.2/home/data/peregrine/versions/26.1.2/26.1.2.jar)
	at knot//com.sun.jna.NativeLibrary.loadLibrary(NativeLibrary.java:325)
	at knot//com.sun.jna.NativeLibrary.getInstance(NativeLibrary.java:481)
	at knot//com.sun.jna.NativeLibrary.getInstance(NativeLibrary.java:423)
	at knot//com.mojang.text2speech.NarratorLinux$FliteLibrary.loadNative(NarratorLinux.java:79)
	... 8 more
	Suppressed: java.lang.UnsatisfiedLinkError: libflite.so: cannot open shared object file: No such file or directory
		at knot//com.sun.jna.Native.open(Native Method)
		at knot//com.sun.jna.NativeLibrary.loadLibrary(NativeLibrary.java:213)
		... 11 more
	Suppressed: java.lang.UnsatisfiedLinkError: libflite.so: cannot open shared object file: No such file or directory
		at knot//com.sun.jna.Native.open(Native Method)
		at knot//com.sun.jna.NativeLibrary.loadLibrary(NativeLibrary.java:226)
		... 11 more
	Suppressed: java.io.IOException: Native library (linux-x86-64/libflite.so) not found in resource path (/home/runner/work/peregrine-launcher/peregrine-launcher/out/26.1.2/home/data/peregrine/libraries/org/ow2/asm/asm/9.10.1/asm-9.10.1.jar:/home/runner/work/peregrine-launcher/peregrine-launcher/out/26.1.2/home/data/peregrine/libraries/org/ow2/asm/asm-analysis/9.10.1/asm-analysis-9.10.1.jar:/home/runner/work/peregrine-launcher/peregrine-launcher/out/26.1.2/home/data/peregrine/libraries/org/ow2/asm/asm-commons/9.10.1/asm-commons-9.10.1.jar:/home/runner/work/peregrine-launcher/peregrine-launcher/out/26.1.2/home/data/peregrine/libraries/org/ow2/asm/asm-tree/9.10.1/asm-tree-9.10.1.jar:/home/runner/work/peregrine-launcher/peregrine-launcher/out/26.1.2/home/data/peregrine/libraries/org/ow2/asm/asm-util/9.10.1/asm-util-9.10.1.jar:/home/runner/work/peregrine-launcher/peregrine-launcher/out/26.1.2/home/data/peregrine/libraries/net/fabricmc/sponge-mixin/0.17.4+mixin.0.8.7/sponge-mixin-0.17.4+mixin.0.8.7.jar:/home/runner/work/peregrine-launcher/peregrine-launcher/out/26.1.2/home/data/peregrine/libraries/net/fabricmc/fabric-loader/0.19.5/fabric-loader-0.19.5.jar:/home/runner/work/peregrine-launcher/peregrine-launcher/out/26.1.2/home/data/peregrine/libraries/at/yawk/lz4/lz4-java/1.10.1/lz4-java-1.10.1.jar:/home/runner/work/peregrine-launcher/peregrine-launcher/out/26.1.2/home/data/peregrine/libraries/com/azure/azure-json/1.4.0/azure-json-1.4.0.jar:/home/runner/work/peregrine-launcher/peregrine-launcher/out/26.1.2/home/data/peregrine/libraries/com/github/oshi/oshi-core/6.9.0/oshi-core-6.9.0.jar:/home/runner/work/peregrine-launcher/peregrine-launcher/out/26.1.2/home/data/peregrine/libraries/com/google/code/gson/gson/2.13.2/gson-2.13.2.jar:/home/runner/work/peregrine-launcher/peregrine-launcher/out/26.1.2/home/data/peregrine/libraries/com/google/guava/failureaccess/1.0.3/failureaccess-1.0.3.jar:/home/runner/work/peregrine-launcher/peregrine-launcher/out/26.1.2/home/data/peregrine/libraries/com/google/guava/guava/33.5.0-jre/guava-33.5.0-jre.jar:/home/runner/work/peregrine-launcher/peregrine-launcher/out/26.1.2/home/data/peregrine/libraries/com/ibm/icu/icu4j/77.1/icu4j-77.1.jar:/home/runner/work/peregrine-launcher/peregrine-launcher/out/26.1.2/home/data/peregrine/libraries/com/microsoft/azure/msal4j/1.23.1/msal4j-1.23.1.jar:/home/runner/work/peregrine-launcher/peregrine-launcher/out/26.1.2/home/data/peregrine/libraries/com/mojang/authlib/7.0.63/authlib-7.0.63.jar:/home/runner/work/peregrine-launcher/peregrine-launcher/out/26.1.2/home/data/peregrine/libraries/com/mojang/blocklist/1.0.10/blocklist-1.0.10.jar:/home/runner/work/peregrine-launcher/peregrine-launcher/out/26.1.2/home/data/peregrine/libraries/com/mojang/brigadier/1.3.10/brigadier-1.3.10.jar:/home/runner/work/peregrine-launcher/peregrine-launcher/out/26.1.2/home/data/peregrine/libraries/com/mojang/datafixerupper/9.0.19/datafixerupper-9.0.19.jar:/home/runner/work/peregrine-launcher/peregrine-launcher/out/26.1.2/home/data/peregrine/libraries/com/mojang/jtracy/1.0.37/jtracy-1.0.37.jar:/home/runner/work/peregrine-launcher/peregrine-launcher/out/26.1.2/home/data/peregrine/libraries/com/mojang/jtracy/1.0.37/jtracy-1.0.37-natives-linux.jar:/home/runner/work/peregrine-launcher/peregrine-launcher/out/26.1.2/home/data/peregrine/libraries/com/mojang/logging/1.6.11/logging-1.6.11.jar:/home/runner/work/peregrine-launcher/peregrine-launcher/out/26.1.2/home/data/peregrine/libraries/com/mojang/patchy/2.2.10/patchy-2.2.10.jar:/home/runner/work/peregrine-launcher/peregrine-launcher/out/26.1.2/home/data/peregrine/libraries/com/mojang/text2speech/1.18.11/text2speech-1.18.11.jar:/home/runner/work/peregrine-launcher/peregrine-launcher/out/26.1.2/home/data/peregrine/libraries/commons-codec/commons-codec/1.19.0/commons-codec-1.19.0.jar:/home/runner/work/peregrine-launcher/peregrine-launcher/out/26.1.2/home/data/peregrine/libraries/commons-io/commons-io/2.20.0/commons-io-2.20.0.jar:/home/runner/work/peregrine-launcher/peregrine-launcher/out/26.1.2/home/data/peregrine/libraries/io/netty/netty-buffer/4.2.7.Final/netty-buffer-4.2.7.Final.jar:/home/runner/work/peregrine-launcher/peregrine-launcher/out/26.1.2/home/data/peregrine/libraries/io/netty/netty-codec-base/4.2.7.Final/netty-codec-base-4.2.7.Final.jar:/home/runner/work/peregrine-launcher/peregrine-launcher/out/26.1.2/home/data/peregrine/libraries/io/netty/netty-codec-compression/4.2.7.Final/netty-codec-compression-4.2.7.Final.jar:/home/runner/work/peregrine-launcher/peregrine-launcher/out/26.1.2/home/data/peregrine/libraries/io/netty/netty-codec-http/4.2.7.Final/netty-codec-http-4.2.7.Final.jar:/home/runner/work/peregrine-launcher/peregrine-launcher/out/26.1.2/home/data/peregrine/libraries/io/netty/netty-common/4.2.7.Final/netty-common-4.2.7.Final.jar:/home/runner/work/peregrine-launcher/peregrine-launcher/out/26.1.2/home/data/peregrine/libraries/io/netty/netty-handler/4.2.7.Final/netty-handler-4.2.7.Final.jar:/home/runner/work/peregrine-launcher/peregrine-launcher/out/26.1.2/home/data/peregrine/libraries/io/netty/netty-resolver/4.2.7.Final/netty-resolver-4.2.7.Final.jar:/home/runner/work/peregrine-launcher/peregrine-launcher/out/26.1.2/home/data/peregrine/libraries/io/netty/netty-transport-classes-epoll/4.2.7.Final/netty-transport-classes-epoll-4.2.7.Final.jar:/home/runner/work/peregrine-launcher/peregrine-launcher/out/26.1.2/home/data/peregrine/libraries/io/netty/netty-transport-classes-kqueue/4.2.7.Final/netty-transport-classes-kqueue-4.2.7.Final.jar:/home/runner/work/peregrine-launcher/peregrine-launcher/out/26.1.2/home/data/peregrine/libraries/io/netty/netty-transport-native-epoll/4.2.7.Final/netty-transport-native-epoll-4.2.7.Final-linux-aarch_64.jar:/home/runner/work/peregrine-launcher/peregrine-launcher/out/26.1.2/home/data/peregrine/libraries/io/netty/netty-transport-native-epoll/4.2.7.Final/netty-transport-native-epoll-4.2.7.Final-linux-x86_64.jar:/home/runner/work/peregrine-launcher/peregrine-launcher/out/26.1.2/home/data/peregrine/libraries/io/netty/netty-transport-native-unix-common/4.2.7.Final/netty-transport-native-unix-common-4.2.7.Final.jar:/home/runner/work/peregrine-launcher/peregrine-launcher/out/26.1.2/home/data/peregrine/libraries/io/netty/netty-transport/4.2.7.Final/netty-transport-4.2.7.Final.jar:/home/runner/work/peregrine-launcher/peregrine-launcher/out/26.1.2/home/data/peregrine/libraries/it/unimi/dsi/fastutil/8.5.18/fastutil-8.5.18.jar:/home/runner/work/peregrine-launcher/peregrine-launcher/out/26.1.2/home/data/peregrine/libraries/net/java/dev/jna/jna-platform/5.17.0/jna-platform-5.17.0.jar:/home/runner/work/peregrine-launcher/peregrine-launcher/out/26.1.2/home/data/peregrine/libraries/net/java/dev/jna/jna/5.17.0/jna-5.17.0.jar:/home/runner/work/peregrine-launcher/peregrine-launcher/out/26.1.2/home/data/peregrine/libraries/net/sf/jopt-simple/jopt-simple/5.0.4/jopt-simple-5.0.4.jar:/home/runner/work/peregrine-launcher/peregrine-launcher/out/26.1.2/home/data/peregrine/libraries/org/apache/commons/commons-compress/1.28.0/commons-compress-1.28.0.jar:/home/runner/work/peregrine-launcher/peregrine-launcher/out/26.1.2/home/data/peregrine/libraries/org/apache/commons/commons-lang3/3.19.0/commons-lang3-3.19.0.jar:/home/runner/work/peregrine-launcher/peregrine-launcher/out/26.1.2/home/data/peregrine/libraries/org/apache/logging/log4j/log4j-api/2.25.2/log4j-api-2.25.2.jar:/home/runner/work/peregrine-launcher/peregrine-launcher/out/26.1.2/home/data/peregrine/libraries/org/apache/logging/log4j/log4j-core/2.25.2/log4j-core-2.25.2.jar:/home/runner/work/peregrine-launcher/peregrine-launcher/out/26.1.2/home/data/peregrine/libraries/org/apache/logging/log4j/log4j-slf4j2-impl/2.25.2/log4j-slf4j2-impl-2.25.2.jar:/home/runner/work/peregrine-launcher/peregrine-launcher/out/26.1.2/home/data/peregrine/libraries/org/jcraft/jorbis/0.0.17/jorbis-0.0.17.jar:/home/runner/work/peregrine-launcher/peregrine-launcher/out/26.1.2/home/data/peregrine/libraries/org/joml/joml/1.10.8/joml-1.10.8.jar:/home/runner/work/peregrine-launcher/peregrine-launcher/out/26.1.2/home/data/peregrine/libraries/org/jspecify/jspecify/1.0.0/jspecify-1.0.0.jar:/home/runner/work/peregrine-launcher/peregrine-launcher/out/26.1.2/home/data/peregrine/libraries/org/lwjgl/lwjgl-freetype/3.4.1/lwjgl-freetype-3.4.1.jar:/home/runner/work/peregrine-launcher/peregrine-launcher/out/26.1.2/home/data/peregrine/libraries/org/lwjgl/lwjgl-freetype/3.4.1/lwjgl-freetype-3.4.1-natives-linux.jar:/home/runner/work/peregrine-launcher/peregrine-launcher/out/26.1.2/home/data/peregrine/libraries/org/lwjgl/lwjgl-glfw/3.4.1/lwjgl-glfw-3.4.1.jar:/home/runner/work/peregrine-launcher/peregrine-launcher/out/26.1.2/home/data/peregrine/libraries/org/lwjgl/lwjgl-glfw/3.4.1/lwjgl-glfw-3.4.1-natives-linux.jar:/home/runner/work/peregrine-launcher/peregrine-launcher/out/26.1.2/home/data/peregrine/libraries/org/lwjgl/lwjgl-jemalloc/3.4.1/lwjgl-jemalloc-3.4.1.jar:/home/runner/work/peregrine-launcher/peregrine-launcher/out/26.1.2/home/data/peregrine/libraries/org/lwjgl/lwjgl-jemalloc/3.4.1/lwjgl-jemalloc-3.4.1-natives-linux.jar:/home/runner/work/peregrine-launcher/peregrine-launcher/out/26.1.2/home/data/peregrine/libraries/org/lwjgl/lwjgl-openal/3.4.1/lwjgl-openal-3.4.1.jar:/home/runner/work/peregrine-launcher/peregrine-launcher/out/26.1.2/home/data/peregrine/libraries/org/lwjgl/lwjgl-openal/3.4.1/lwjgl-openal-3.4.1-natives-linux.jar:/home/runner/work/peregrine-launcher/peregrine-launcher/out/26.1.2/home/data/peregrine/libraries/org/lwjgl/lwjgl-opengl/3.4.1/lwjgl-opengl-3.4.1.jar:/home/runner/work/peregrine-launcher/peregrine-launcher/out/26.1.2/home/data/peregrine/libraries/org/lwjgl/lwjgl-opengl/3.4.1/lwjgl-opengl-3.4.1-natives-linux.jar:/home/runner/work/peregrine-launcher/peregrine-launcher/out/26.1.2/home/data/peregrine/libraries/org/lwjgl/lwjgl-stb/3.4.1/lwjgl-stb-3.4.1.jar:/home/runner/work/peregrine-launcher/peregrine-launcher/out/26.1.2/home/data/peregrine/libraries/org/lwjgl/lwjgl-stb/3.4.1/lwjgl-stb-3.4.1-natives-linux.jar:/home/runner/work/peregrine-launcher/peregrine-launcher/out/26.1.2/home/data/peregrine/libraries/org/lwjgl/lwjgl-tinyfd/3.4.1/lwjgl-tinyfd-3.4.1.jar:/home/runner/work/peregrine-launcher/peregrine-launcher/out/26.1.2/home/data/peregrine/libraries/org/lwjgl/lwjgl-tinyfd/3.4.1/lwjgl-tinyfd-3.4.1-natives-linux.jar:/home/runner/work/peregrine-launcher/peregrine-launcher/out/26.1.2/home/data/peregrine/libraries/org/lwjgl/lwjgl/3.4.1/lwjgl-3.4.1.jar:/home/runner/work/peregrine-launcher/peregrine-launcher/out/26.1.2/home/data/peregrine/libraries/org/lwjgl/lwjgl/3.4.1/lwjgl-3.4.1-natives-linux.jar:/home/runner/work/peregrine-launcher/peregrine-launcher/out/26.1.2/home/data/peregrine/libraries/org/slf4j/slf4j-api/2.0.17/slf4j-api-2.0.17.jar:/home/runner/work/peregrine-launcher/peregrine-launcher/out/26.1.2/home/data/peregrine/versions/26.1.2/26.1.2.jar)
		at knot//com.sun.jna.Native.extractFromResourcePath(Native.java:1141)
		at knot//com.sun.jna.NativeLibrary.loadLibrary(NativeLibrary.java:297)
		... 11 more
]]></log4j:Throwable>
  </log4j:Event>
  <log4j:Event logger="net.minecraft.server.packs.resources.ReloadableResourceManager" timestamp="1791649623385" level="INFO" thread="Render thread">
    <log4j:Message><![CDATA[Reloading ResourceManager: vanilla, badoptimizations, cloth-config, conditional-mixin, dynamic_fps, dynamic_fps_common, entityculling, fabric-api, fabric-api-base, fabric-api-lookup-api-v1, fabric-biome-api-v1, fabric-block-api-v1, fabric-block-getter-api-v2, fabric-command-api-v2, fabric-content-registries-v0, fabric-convention-tags-v2, fabric-crash-report-info-v1, fabric-creative-tab-api-v1, fabric-data-attachment-api-v1, fabric-data-generation-api-v1, fabric-debug-api-v1, fabric-dimensions-v1, fabric-entity-events-v1, fabric-events-interaction-v0, fabric-game-rule-api-v1, fabric-item-api-v1, fabric-key-mapping-api-v1, fabric-lifecycle-events-v1, fabric-loot-api-v3, fabric-menu-api-v1, fabric-message-api-v1, fabric-model-loading-api-v1, fabric-networking-api-v1, fabric-object-builder-api-v1, fabric-particles-v1, fabric-permission-api-v1, fabric-recipe-api-v1, fabric-registry-sync-v0, fabric-renderer-api-v1, fabric-renderer-indigo, fabric-rendering-fluids-v1, fabric-rendering-v1, fabric-resource-conditions-api-v1, fabric-resource-loader-v0, fabric-resource-loader-v1, fabric-screen-api-v1, fabric-serialization-api-v1, fabric-sound-api-v1, fabric-tag-api-v1, fabric-transfer-api-v1, fabric-transitive-access-wideners-v1, fabricloader, immediatelyfast, lithium, moreculling, peregrine-client, scalablelux, sodium, trender, file/PeregrineTest]]></log4j:Message>
  </log4j:Event>
  <log4j:Event logger="com.mojang.realmsclient.client.RealmsClient" timestamp="1791649623448" level="INFO" thread="Download-2">
    <log4j:Message><![CDATA[Could not authorize you against Realms server: java.lang.RuntimeException: Failed to parse into SignedJWT: 0]]></log4j:Message>
  </log4j:Event>
  <log4j:Event logger="com.mojang.realmsclient.client.RealmsClient" timestamp="1791649623450" level="ERROR" thread="Download-2">
    <log4j:Message><![CDATA[Failed to fetch Realms feature flags]]></log4j:Message>
    <log4j:Throwable><![CDATA[com.mojang.realmsclient.exception.RealmsServiceException: Realms authentication error with message 'java.lang.RuntimeException: Failed to parse into SignedJWT: 0'
	at knot//com.mojang.realmsclient.client.RealmsClient.execute(RealmsClient.java:526)
	at knot//com.mojang.realmsclient.client.RealmsClient.fetchFeatureFlags(RealmsClient.java:186)
	at java.base/java.util.concurrent.CompletableFuture$AsyncSupply.run(Unknown Source)
	at java.base/java.util.concurrent.ThreadPoolExecutor.runWorker(Unknown Source)
	at java.base/java.util.concurrent.ThreadPoolExecutor$Worker.run(Unknown Source)
	at java.base/java.lang.Thread.run(Unknown Source)
]]></log4j:Throwable>
  </log4j:Event>
  <log4j:Event logger="dynamic_fps" timestamp="1791649623474" level="WARN" thread="Render thread">
    <log4j:Message><![CDATA[Dynamic FPS config missing or corrupted! Using defaults.]]></log4j:Message>
  </log4j:Event>
  <log4j:Event logger="moreculling" timestamp="1791649623515" level="INFO" thread="Render thread">
    <log4j:Message><![CDATA[Cached all modded block culling states]]></log4j:Message>
  </log4j:Event>
  <log4j:Event logger="net.minecraft.server.LoggedPrintStream" timestamp="1791649623599" level="INFO" thread="Render thread">
    <log4j:Message><![CDATA[[STDOUT]: [Peregrine self-test] INFO phase world on Minecraft 26.1.2]]></log4j:Message>
  </log4j:Event>
  <log4j:Event logger="com.mojang.blaze3d.systems.RenderSystem" timestamp="1791649623731" level="INFO" thread="Render thread">
    <log4j:Message><![CDATA[Thread[#3,Render thread,5,main]]]></log4j:Message>
  </log4j:Event>
  <log4j:Event logger="com.mojang.blaze3d.systems.RenderSystem" timestamp="1791649623732" level="INFO" thread="Render thread">
    <log4j:Message><![CDATA[OpenGL Vendor: Mesa]]></log4j:Message>
  </log4j:Event>
  <log4j:Event logger="com.mojang.blaze3d.systems.RenderSystem" timestamp="1791649623732" level="INFO" thread="Render thread">
    <log4j:Message><![CDATA[OpenGL Renderer: llvmpipe (LLVM 20.1.2, 256 bits)]]></log4j:Message>
  </log4j:Event>
  <log4j:Event logger="com.mojang.blaze3d.systems.RenderSystem" timestamp="1791649623732" level="INFO" thread="Render thread">
    <log4j:Message><![CDATA[OpenGL Version: 4.5 (Core Profile) Mesa 25.2.8-0ubuntu0.24.04.4]]></log4j:Message>
  </log4j:Event>
  <log4j:Event logger="net.minecraft.client.gui.font.providers.UnihexProvider" timestamp="1791649624145" level="INFO" thread="Worker-Main-3">
    <log4j:Message><![CDATA[Found unifont_all_no_pua-17.0.01.hex, loading]]></log4j:Message>
  </log4j:Event>
  <log4j:Event logger="net.minecraft.client.gui.font.providers.UnihexProvider" timestamp="1791649624185" level="INFO" thread="Worker-Main-2">
    <log4j:Message><![CDATA[Found unifont_pua-17.0.01.hex, loading]]></log4j:Message>
  </log4j:Event>
  <log4j:Event logger="net.minecraft.client.gui.font.providers.UnihexProvider" timestamp="1791649624303" level="INFO" thread="Worker-Main-3">
    <log4j:Message><![CDATA[Found unifont_jp_patch-17.0.01.hex, loading]]></log4j:Message>
  </log4j:Event>
ALSA lib confmisc.c:855:(parse_card) cannot find card '0'
ALSA lib conf.c:5208:(_snd_config_evaluate) function snd_func_card_inum returned error: No such file or directory
ALSA lib confmisc.c:422:(snd_func_concat) error evaluating strings
ALSA lib conf.c:5208:(_snd_config_evaluate) function snd_func_concat returned error: No such file or directory
ALSA lib confmisc.c:1342:(snd_func_refer) error evaluating name
ALSA lib conf.c:5208:(_snd_config_evaluate) function snd_func_refer returned error: No such file or directory
ALSA lib conf.c:5731:(snd_config_expand) Evaluate error: No such file or directory
ALSA lib pcm.c:2721:(snd_pcm_open_noupdate) Unknown PCM default
ALSA lib confmisc.c:855:(parse_card) cannot find card '0'
ALSA lib conf.c:5208:(_snd_config_evaluate) function snd_func_card_inum returned error: No such file or directory
ALSA lib confmisc.c:422:(snd_func_concat) error evaluating strings
ALSA lib conf.c:5208:(_snd_config_evaluate) function snd_func_concat returned error: No such file or directory
ALSA lib confmisc.c:1342:(snd_func_refer) error evaluating name
ALSA lib conf.c:5208:(_snd_config_evaluate) function snd_func_refer returned error: No such file or directory
ALSA lib conf.c:5731:(snd_config_expand) Evaluate error: No such file or directory
ALSA lib pcm.c:2721:(snd_pcm_open_noupdate) Unknown PCM default
  <log4j:Event logger="net.minecraft.client.sounds.SoundEngine" timestamp="1791649625447" level="ERROR" thread="Render thread">
    <log4j:Message><![CDATA[Error starting SoundSystem. Turning off sounds & music]]></log4j:Message>
    <log4j:Throwable><![CDATA[java.lang.IllegalStateException: Failed to open OpenAL device
	at knot//com.mojang.blaze3d.audio.Library.openDeviceOrFallback(Library.java:275)
	at knot//com.mojang.blaze3d.audio.Library.init(Library.java:150)
	at knot//net.minecraft.client.sounds.SoundEngine.loadLibrary(SoundEngine.java:120)
	at knot//net.minecraft.client.sounds.SoundEngine.reload(SoundEngine.java:109)
	at knot//net.minecraft.client.sounds.SoundManager.apply(SoundManager.java:122)
	at knot//net.minecraft.client.sounds.SoundManager.apply(SoundManager.java:41)
	at knot//net.minecraft.server.packs.resources.SimplePreparableReloadListener.lambda$reload$1(SimplePreparableReloadListener.java:15)
	at java.base/java.util.concurrent.CompletableFuture$UniAccept.tryFire(Unknown Source)
	at java.base/java.util.concurrent.CompletableFuture$Completion.run(Unknown Source)
	at knot//net.minecraft.server.packs.resources.SimpleReloadInstance.lambda$prepareTasks$3(SimpleReloadInstance.java:59)
	at knot//net.minecraft.util.thread.BlockableEventLoop.doRunTask(BlockableEventLoop.java:173)
	at knot//net.minecraft.util.thread.ReentrantBlockableEventLoop.doRunTask(ReentrantBlockableEventLoop.java:23)
	at knot//net.minecraft.util.thread.BlockableEventLoop.pollTask(BlockableEventLoop.java:147)
	at knot//net.minecraft.util.thread.BlockableEventLoop.runAllTasks(BlockableEventLoop.java:127)
	at knot//net.minecraft.client.Minecraft.runTick(Minecraft.java:1345)
	at knot//net.minecraft.client.Minecraft.run(Minecraft.java:991)
	at knot//net.minecraft.client.main.Main.main(Main.java:248)
	at net.fabricmc.loader.impl.game.minecraft.MinecraftGameProvider.launch(MinecraftGameProvider.java:517)
	at net.fabricmc.loader.impl.launch.knot.Knot.launch(Knot.java:72)
	at net.fabricmc.loader.impl.launch.knot.KnotClient.main(KnotClient.java:23)
]]></log4j:Throwable>
  </log4j:Event>
  <log4j:Event logger="net.minecraft.client.renderer.texture.TextureAtlas" timestamp="1791649625448" level="INFO" thread="Render thread">
    <log4j:Message><![CDATA[Created: 512x256x0 minecraft:textures/atlas/particles.png-atlas]]></log4j:Message>
  </log4j:Event>
  <log4j:Event logger="net.minecraft.client.renderer.texture.TextureAtlas" timestamp="1791649625468" level="INFO" thread="Render thread">
    <log4j:Message><![CDATA[Created: 128x128x0 minecraft:textures/atlas/decorated_pot.png-atlas]]></log4j:Message>
  </log4j:Event>
  <log4j:Event logger="net.minecraft.client.renderer.texture.TextureAtlas" timestamp="1791649625469" level="INFO" thread="Render thread">
    <log4j:Message><![CDATA[Created: 2048x1024x0 minecraft:textures/atlas/armor_trims.png-atlas]]></log4j:Message>
  </log4j:Event>
  <log4j:Event logger="net.minecraft.client.renderer.texture.TextureAtlas" timestamp="1791649625490" level="INFO" thread="Render thread">
    <log4j:Message><![CDATA[Created: 512x256x0 minecraft:textures/atlas/paintings.png-atlas]]></log4j:Message>
  </log4j:Event>
  <log4j:Event logger="net.minecraft.client.renderer.texture.TextureAtlas" timestamp="1791649625493" level="INFO" thread="Render thread">
    <log4j:Message><![CDATA[Created: 1024x512x0 minecraft:textures/atlas/shield_patterns.png-atlas]]></log4j:Message>
  </log4j:Event>
  <log4j:Event logger="net.minecraft.client.renderer.texture.TextureAtlas" timestamp="1791649625495" level="INFO" thread="Render thread">
    <log4j:Message><![CDATA[Created: 2048x2048x4 minecraft:textures/atlas/blocks.png-atlas]]></log4j:Message>
  </log4j:Event>
  <log4j:Event logger="net.minecraft.client.renderer.texture.TextureAtlas" timestamp="1791649625593" level="INFO" thread="Render thread">
    <log4j:Message><![CDATA[Created: 512x512x0 minecraft:textures/atlas/chest.png-atlas]]></log4j:Message>
  </log4j:Event>
  <log4j:Event logger="net.minecraft.client.renderer.texture.TextureAtlas" timestamp="1791649625594" level="INFO" thread="Render thread">
    <log4j:Message><![CDATA[Created: 256x128x0 minecraft:textures/atlas/celestials.png-atlas]]></log4j:Message>
  </log4j:Event>
  <log4j:Event logger="net.minecraft.client.renderer.texture.TextureAtlas" timestamp="1791649625595" level="INFO" thread="Render thread">
    <log4j:Message><![CDATA[Created: 1024x512x0 minecraft:textures/atlas/banner_patterns.png-atlas]]></log4j:Message>
  </log4j:Event>
  <log4j:Event logger="net.minecraft.client.renderer.texture.TextureAtlas" timestamp="1791649625595" level="INFO" thread="Render thread">
    <log4j:Message><![CDATA[Created: 512x512x0 minecraft:textures/atlas/beds.png-atlas]]></log4j:Message>
  </log4j:Event>
  <log4j:Event logger="net.minecraft.client.renderer.texture.TextureAtlas" timestamp="1791649625596" level="INFO" thread="Render thread">
    <log4j:Message><![CDATA[Created: 1024x512x0 minecraft:textures/atlas/items.png-atlas]]></log4j:Message>
  </log4j:Event>
  <log4j:Event logger="net.minecraft.client.renderer.texture.TextureAtlas" timestamp="1791649625606" level="INFO" thread="Render thread">
    <log4j:Message><![CDATA[Created: 1024x1024x0 minecraft:textures/atlas/gui.png-atlas]]></log4j:Message>
  </log4j:Event>
  <log4j:Event logger="net.minecraft.client.renderer.texture.TextureAtlas" timestamp="1791649625615" level="INFO" thread="Render thread">
    <log4j:Message><![CDATA[Created: 128x64x0 minecraft:textures/atlas/map_decorations.png-atlas]]></log4j:Message>
  </log4j:Event>
  <log4j:Event logger="net.minecraft.client.renderer.texture.TextureAtlas" timestamp="1791649625616" level="INFO" thread="Render thread">
    <log4j:Message><![CDATA[Created: 512x256x0 minecraft:textures/atlas/signs.png-atlas]]></log4j:Message>
  </log4j:Event>
  <log4j:Event logger="net.minecraft.client.renderer.texture.TextureAtlas" timestamp="1791649625616" level="INFO" thread="Render thread">
    <log4j:Message><![CDATA[Created: 512x512x0 minecraft:textures/atlas/shulker_boxes.png-atlas]]></log4j:Message>
  </log4j:Event>
  <log4j:Event logger="moreculling" timestamp="1791649625911" level="INFO" thread="Render thread">
    <log4j:Message><![CDATA[29877 cache(s) were cleared!]]></log4j:Message>
  </log4j:Event>
  <log4j:Event logger="net.minecraft.server.MinecraftServer" timestamp="1791649626045" level="INFO" thread="Render thread">
    <log4j:Message><![CDATA[Found new data pack fabric-convention-tags-v2, loading it automatically]]></log4j:Message>
  </log4j:Event>
  <log4j:Event logger="net.minecraft.world.item.crafting.RecipeManager" timestamp="1791649626878" level="INFO" thread="Render thread">
    <log4j:Message><![CDATA[Loaded 1515 recipes]]></log4j:Message>
  </log4j:Event>
  <log4j:Event logger="net.minecraft.advancements.AdvancementTree" timestamp="1791649626888" level="INFO" thread="Render thread">
    <log4j:Message><![CDATA[Loaded 1617 advancements]]></log4j:Message>
  </log4j:Event>
  <log4j:Event logger="net.fabricmc.fabric.impl.biome.modification.BiomeModificationImpl" timestamp="1791649627030" level="INFO" thread="Render thread">
    <log4j:Message><![CDATA[Applied 0 biome modifications to 0 of 65 new biomes in 1.074 ms]]></log4j:Message>
  </log4j:Event>
  <log4j:Event logger="net.minecraft.client.server.IntegratedServer" timestamp="1791649627041" level="INFO" thread="Server thread">
    <log4j:Message><![CDATA[Starting integrated minecraft server version 26.1.2]]></log4j:Message>
  </log4j:Event>
  <log4j:Event logger="net.minecraft.server.MinecraftServer" timestamp="1791649627042" level="INFO" thread="Server thread">
    <log4j:Message><![CDATA[Generating keypair]]></log4j:Message>
  </log4j:Event>
  <log4j:Event logger="net.minecraft.server.LoggedPrintStream" timestamp="1791649627455" level="INFO" thread="Server thread">
    <log4j:Message><![CDATA[[STDOUT]: [ScalableLux] Lighting scaling is disabled (due to low parallelism in the settings)]]></log4j:Message>
  </log4j:Event>
  <log4j:Event logger="net.minecraft.server.level.progress.LoggingLevelLoadListener" timestamp="1791649627578" level="INFO" thread="Server thread">
    <log4j:Message><![CDATA[Loading 0 persistent chunks...]]></log4j:Message>
  </log4j:Event>
  <log4j:Event logger="net.minecraft.server.level.progress.LoggingLevelLoadListener" timestamp="1791649627578" level="INFO" thread="Server thread">
    <log4j:Message><![CDATA[Preparing spawn area: 16%]]></log4j:Message>
  </log4j:Event>
  <log4j:Event logger="net.minecraft.server.MinecraftServer" timestamp="1791649627591" level="INFO" thread="Server thread">
    <log4j:Message><![CDATA[Saving chunks for level 'ServerLevel[world]'/minecraft:overworld]]></log4j:Message>
  </log4j:Event>
  <log4j:Event logger="net.minecraft.server.MinecraftServer" timestamp="1791649627620" level="INFO" thread="Server thread">
    <log4j:Message><![CDATA[Saving chunks for level 'ServerLevel[world]'/minecraft:the_nether]]></log4j:Message>
  </log4j:Event>
  <log4j:Event logger="net.minecraft.server.MinecraftServer" timestamp="1791649627626" level="INFO" thread="Server thread">
    <log4j:Message><![CDATA[Saving chunks for level 'ServerLevel[world]'/minecraft:the_end]]></log4j:Message>
  </log4j:Event>
  <log4j:Event logger="net.minecraft.server.MinecraftServer" timestamp="1791649627642" level="INFO" thread="Server thread">
    <log4j:Message><![CDATA[ThreadedAnvilChunkStorage (world): All chunks are saved]]></log4j:Message>
  </log4j:Event>
  <log4j:Event logger="net.minecraft.server.MinecraftServer" timestamp="1791649627642" level="INFO" thread="Server thread">
    <log4j:Message><![CDATA[ThreadedAnvilChunkStorage (DIM-1): All chunks are saved]]></log4j:Message>
  </log4j:Event>
  <log4j:Event logger="net.minecraft.server.MinecraftServer" timestamp="1791649627642" level="INFO" thread="Server thread">
    <log4j:Message><![CDATA[ThreadedAnvilChunkStorage (DIM1): All chunks are saved]]></log4j:Message>
  </log4j:Event>
  <log4j:Event logger="net.minecraft.server.MinecraftServer" timestamp="1791649627642" level="INFO" thread="Server thread">
    <log4j:Message><![CDATA[ThreadedAnvilChunkStorage: All dimensions are saved]]></log4j:Message>
  </log4j:Event>
  <log4j:Event logger="net.minecraft.server.level.progress.LoggingLevelLoadListener" timestamp="1791649630076" level="INFO" thread="Server thread">
    <log4j:Message><![CDATA[Loading 48 chunks for player spawn...]]></log4j:Message>
  </log4j:Event>
  <log4j:Event logger="net.minecraft.server.level.progress.LoggingLevelLoadListener" timestamp="1791649630077" level="INFO" thread="Server thread">
    <log4j:Message><![CDATA[Preparing spawn area: 16%]]></log4j:Message>
  </log4j:Event>
  <log4j:Event logger="net.minecraft.server.level.progress.LoggingLevelLoadListener" timestamp="1791649630131" level="INFO" thread="Server thread">
    <log4j:Message><![CDATA[Preparing spawn area: 16%]]></log4j:Message>
  </log4j:Event>
  <log4j:Event logger="net.minecraft.server.level.progress.LoggingLevelLoadListener" timestamp="1791649630182" level="INFO" thread="Server thread">
    <log4j:Message><![CDATA[Preparing spawn area: 16%]]></log4j:Message>
  </log4j:Event>
  <log4j:Event logger="net.minecraft.server.level.progress.LoggingLevelLoadListener" timestamp="1791649630235" level="INFO" thread="Server thread">
    <log4j:Message><![CDATA[Preparing spawn area: 16%]]></log4j:Message>
  </log4j:Event>
  <log4j:Event logger="net.minecraft.server.level.progress.LoggingLevelLoadListener" timestamp="1791649630290" level="INFO" thread="Server thread">
    <log4j:Message><![CDATA[Preparing spawn area: 16%]]></log4j:Message>
  </log4j:Event>
  <log4j:Event logger="net.minecraft.server.level.progress.LoggingLevelLoadListener" timestamp="1791649630596" level="INFO" thread="Server thread">
    <log4j:Message><![CDATA[Preparing spawn area: 16%]]></log4j:Message>
  </log4j:Event>
  <log4j:Event logger="net.minecraft.server.level.progress.LoggingLevelLoadListener" timestamp="1791649631093" level="INFO" thread="Server thread">
    <log4j:Message><![CDATA[Preparing spawn area: 16%]]></log4j:Message>
  </log4j:Event>
  <log4j:Event logger="net.minecraft.server.level.progress.LoggingLevelLoadListener" timestamp="1791649631597" level="INFO" thread="Server thread">
    <log4j:Message><![CDATA[Preparing spawn area: 16%]]></log4j:Message>
  </log4j:Event>
  <log4j:Event logger="net.minecraft.server.level.progress.LoggingLevelLoadListener" timestamp="1791649632093" level="INFO" thread="Server thread">
    <log4j:Message><![CDATA[Preparing spawn area: 16%]]></log4j:Message>
  </log4j:Event>
  <log4j:Event logger="net.minecraft.server.level.progress.LoggingLevelLoadListener" timestamp="1791649632593" level="INFO" thread="Server thread">
    <log4j:Message><![CDATA[Preparing spawn area: 18%]]></log4j:Message>
  </log4j:Event>
  <log4j:Event logger="net.minecraft.server.level.progress.LoggingLevelLoadListener" timestamp="1791649633096" level="INFO" thread="Server thread">
    <log4j:Message><![CDATA[Preparing spawn area: 30%]]></log4j:Message>
  </log4j:Event>
  <log4j:Event logger="net.minecraft.server.level.progress.LoggingLevelLoadListener" timestamp="1791649633596" level="INFO" thread="Server thread">
    <log4j:Message><![CDATA[Preparing spawn area: 32%]]></log4j:Message>
  </log4j:Event>
  <log4j:Event logger="net.minecraft.server.level.progress.LoggingLevelLoadListener" timestamp="1791649634093" level="INFO" thread="Server thread">
    <log4j:Message><![CDATA[Preparing spawn area: 58%]]></log4j:Message>
  </log4j:Event>
  <log4j:Event logger="net.minecraft.server.level.progress.LoggingLevelLoadListener" timestamp="1791649634593" level="INFO" thread="Server thread">
    <log4j:Message><![CDATA[Preparing spawn area: 68%]]></log4j:Message>
  </log4j:Event>
  <log4j:Event logger="net.minecraft.server.level.progress.LoggingLevelLoadListener" timestamp="1791649634894" level="INFO" thread="Server thread">
    <log4j:Message><![CDATA[Time elapsed: 7317 ms]]></log4j:Message>
  </log4j:Event>
  <log4j:Event logger="net.minecraft.server.players.PlayerList" timestamp="1791649635037" level="INFO" thread="Server thread">
    <log4j:Message><![CDATA[Tester[local:E:6846fa5d] logged in with entity id 17 at (-26.5, 64.0, -70.5)]]></log4j:Message>
  </log4j:Event>
  <log4j:Event logger="net.minecraft.server.MinecraftServer" timestamp="1791649635087" level="INFO" thread="Server thread">
    <log4j:Message><![CDATA[Tester joined the game]]></log4j:Message>
  </log4j:Event>
  <log4j:Event logger="net.minecraft.client.server.IntegratedServer" timestamp="1791649635197" level="INFO" thread="Server thread">
    <log4j:Message><![CDATA[Changing view distance to 4, from 10]]></log4j:Message>
  </log4j:Event>
  <log4j:Event logger="net.minecraft.client.server.IntegratedServer" timestamp="1791649635202" level="INFO" thread="Server thread">
    <log4j:Message><![CDATA[Changing simulation distance to 5, from 0]]></log4j:Message>
  </log4j:Event>
  <log4j:Event logger="ChunkBuilder" timestamp="1791649635237" level="INFO" thread="Render thread">
    <log4j:Message><![CDATA[Started 1 worker threads]]></log4j:Message>
  </log4j:Event>
  <log4j:Event logger="net.minecraft.advancements.AdvancementTree" timestamp="1791649635280" level="INFO" thread="Render thread">
    <log4j:Message><![CDATA[Loaded 2 advancements]]></log4j:Message>
  </log4j:Event>
  <log4j:Event logger="net.minecraft.client.renderer.DynamicUniformStorage" timestamp="1791649635359" level="INFO" thread="Render thread">
    <log4j:Message><![CDATA[Resizing Dynamic Transforms UBO, capacity limit of 2 reached during a single frame. New capacity will be 4.]]></log4j:Message>
  </log4j:Event>
  <log4j:Event logger="ChunkBuilder" timestamp="1791649635618" level="INFO" thread="Render thread">
    <log4j:Message><![CDATA[Stopping worker threads]]></log4j:Message>
  </log4j:Event>
  <log4j:Event logger="ChunkBuilder" timestamp="1791649635626" level="INFO" thread="Render thread">
    <log4j:Message><![CDATA[Started 1 worker threads]]></log4j:Message>
  </log4j:Event>
  <log4j:Event logger="net.minecraft.client.renderer.DynamicUniformStorage" timestamp="1791649635679" level="INFO" thread="Render thread">
    <log4j:Message><![CDATA[Resizing Dynamic Transforms UBO, capacity limit of 4 reached during a single frame. New capacity will be 8.]]></log4j:Message>
  </log4j:Event>
  <log4j:Event logger="net.minecraft.server.LoggedPrintStream" timestamp="1791649636307" level="INFO" thread="Render thread">
    <log4j:Message><![CDATA[[STDOUT]: [Peregrine self-test] PASS joins the world]]></log4j:Message>
  </log4j:Event>
  <log4j:Event logger="net.minecraft.client.server.IntegratedServer" timestamp="1791649636351" level="INFO" thread="Server thread">
    <log4j:Message><![CDATA[Changing view distance to 8, from 4]]></log4j:Message>
  </log4j:Event>
  <log4j:Event logger="ChunkBuilder" timestamp="1791649636498" level="INFO" thread="Render thread">
    <log4j:Message><![CDATA[Stopping worker threads]]></log4j:Message>
  </log4j:Event>
  <log4j:Event logger="ChunkBuilder" timestamp="1791649636508" level="INFO" thread="Render thread">
    <log4j:Message><![CDATA[Started 1 worker threads]]></log4j:Message>
  </log4j:Event>
  <log4j:Event logger="net.minecraft.client.renderer.DynamicUniformStorage" timestamp="1791649638928" level="INFO" thread="Render thread">
    <log4j:Message><![CDATA[Resizing Dynamic Transforms UBO, capacity limit of 8 reached during a single frame. New capacity will be 16.]]></log4j:Message>
  </log4j:Event>
  <log4j:Event logger="net.minecraft.server.LoggedPrintStream" timestamp="1791649676113" level="INFO" thread="Render thread">
    <log4j:Message><![CDATA[[STDOUT]: [Peregrine self-test] INFO benchmark: 43 fps average, 37 lowest, render distance 8, over 20 s]]></log4j:Message>
  </log4j:Event>
  <log4j:Event logger="net.minecraft.server.LoggedPrintStream" timestamp="1791649676221" level="INFO" thread="Render thread">
    <log4j:Message><![CDATA[[STDOUT]: [Peregrine self-test] PASS HUD draws in game]]></log4j:Message>
  </log4j:Event>
  <log4j:Event logger="net.minecraft.server.LoggedPrintStream" timestamp="1791649681167" level="INFO" thread="Render thread">
    <log4j:Message><![CDATA[[STDOUT]: [Peregrine self-test] PASS Stable FPS eases off settings when FPS is low]]></log4j:Message>
  </log4j:Event>
  <log4j:Event logger="net.minecraft.server.LoggedPrintStream" timestamp="1791649684867" level="INFO" thread="Render thread">
    <log4j:Message><![CDATA[[STDOUT]: [Peregrine self-test] PASS mouse clicks are counted (CPS)]]></log4j:Message>
  </log4j:Event>
  <log4j:Event logger="net.minecraft.server.LoggedPrintStream" timestamp="1791649686016" level="INFO" thread="Render thread">
    <log4j:Message><![CDATA[[STDOUT]: [Peregrine self-test] PASS holding C zooms in]]></log4j:Message>
  </log4j:Event>
  <log4j:Event logger="net.minecraft.server.LoggedPrintStream" timestamp="1791649688465" level="INFO" thread="Render thread">
    <log4j:Message><![CDATA[[STDOUT]: [Peregrine self-test] PASS Right Shift opens the menu]]></log4j:Message>
  </log4j:Event>
  <log4j:Event logger="net.minecraft.server.LoggedPrintStream" timestamp="1791649691682" level="INFO" thread="Render thread">
    <log4j:Message><![CDATA[[STDOUT]: [Peregrine self-test] PASS typing and Backspace work in the search box]]></log4j:Message>
  </log4j:Event>
  <log4j:Event logger="net.minecraft.server.LoggedPrintStream" timestamp="1791649694122" level="INFO" thread="Render thread">
    <log4j:Message><![CDATA[[STDOUT]: [Peregrine self-test] PASS clicking a card switches it]]></log4j:Message>
  </log4j:Event>
  <log4j:Event logger="net.minecraft.server.LoggedPrintStream" timestamp="1791649695421" level="INFO" thread="Render thread">
    <log4j:Message><![CDATA[[STDOUT]: [Peregrine self-test] PASS Edit HUD opens the editor]]></log4j:Message>
  </log4j:Event>
  <log4j:Event logger="net.minecraft.server.LoggedPrintStream" timestamp="1791649699027" level="INFO" thread="Render thread">
    <log4j:Message><![CDATA[[STDOUT]: [Peregrine self-test] PASS dragging moves a HUD item]]></log4j:Message>
  </log4j:Event>
  <log4j:Event logger="net.minecraft.server.LoggedPrintStream" timestamp="1791649701078" level="INFO" thread="Render thread">
    <log4j:Message><![CDATA[[STDOUT]: [Peregrine self-test] PASS right-click opens the style panel]]></log4j:Message>
  </log4j:Event>
  <log4j:Event logger="net.minecraft.server.LoggedPrintStream" timestamp="1791649703466" level="INFO" thread="Render thread">
    <log4j:Message><![CDATA[[STDOUT]: [Peregrine self-test] PASS picking a colour recolours the text]]></log4j:Message>
  </log4j:Event>
  <log4j:Event logger="net.minecraft.server.LoggedPrintStream" timestamp="1791649705526" level="INFO" thread="Render thread">
    <log4j:Message><![CDATA[[STDOUT]: [Peregrine self-test] PASS dragging the corner makes it bigger]]></log4j:Message>
  </log4j:Event>
  <log4j:Event logger="net.minecraft.server.LoggedPrintStream" timestamp="1791649707466" level="INFO" thread="Render thread">
    <log4j:Message><![CDATA[[STDOUT]: [Peregrine self-test] PASS Esc saves and closes the editor]]></log4j:Message>
  </log4j:Event>
  <log4j:Event logger="net.minecraft.server.LoggedPrintStream" timestamp="1791649708374" level="INFO" thread="Render thread">
    <log4j:Message><![CDATA[[STDOUT]: [Peregrine self-test] PASS the gear opens a settings page]]></log4j:Message>
  </log4j:Event>
  <log4j:Event logger="net.minecraft.server.LoggedPrintStream" timestamp="1791649711222" level="INFO" thread="Render thread">
    <log4j:Message><![CDATA[[STDOUT]: [Peregrine self-test] PASS clicking an option changes it]]></log4j:Message>
  </log4j:Event>
  <log4j:Event logger="net.minecraft.server.LoggedPrintStream" timestamp="1791649712516" level="INFO" thread="Render thread">
    <log4j:Message><![CDATA[[STDOUT]: [Peregrine self-test] PASS the keybind button waits for a key]]></log4j:Message>
  </log4j:Event>
  <log4j:Event logger="net.minecraft.server.LoggedPrintStream" timestamp="1791649714820" level="INFO" thread="Render thread">
    <log4j:Message><![CDATA[[STDOUT]: [Peregrine self-test] PASS pressing K binds it]]></log4j:Message>
  </log4j:Event>
  <log4j:Event logger="net.minecraft.server.LoggedPrintStream" timestamp="1791649715765" level="INFO" thread="Render thread">
    <log4j:Message><![CDATA[[STDOUT]: [Peregrine self-test] PASS Customize opens the editor with the style panel]]></log4j:Message>
  </log4j:Event>
  <log4j:Event logger="net.minecraft.server.LoggedPrintStream" timestamp="1791649718473" level="INFO" thread="Render thread">
    <log4j:Message><![CDATA[[STDOUT]: [Peregrine self-test] PASS Esc goes back to the settings page]]></log4j:Message>
  </log4j:Event>
  <log4j:Event logger="net.minecraft.server.LoggedPrintStream" timestamp="1791649719032" level="INFO" thread="Render thread">
    <log4j:Message><![CDATA[[STDOUT]: [Peregrine self-test] PASS Esc goes back to the list]]></log4j:Message>
  </log4j:Event>
  <log4j:Event logger="net.minecraft.server.LoggedPrintStream" timestamp="1791649719970" level="INFO" thread="Render thread">
    <log4j:Message><![CDATA[[STDOUT]: [Peregrine self-test] PASS the Settings tab opens]]></log4j:Message>
  </log4j:Event>
  <log4j:Event logger="net.minecraft.server.LoggedPrintStream" timestamp="1791649722770" level="INFO" thread="Render thread">
    <log4j:Message><![CDATA[[STDOUT]: [Peregrine self-test] PASS the Keybinds tab opens]]></log4j:Message>
  </log4j:Event>
  <log4j:Event logger="net.minecraft.server.LoggedPrintStream" timestamp="1791649725672" level="INFO" thread="Render thread">
    <log4j:Message><![CDATA[[STDOUT]: [Peregrine self-test] PASS back to the Mods tab]]></log4j:Message>
  </log4j:Event>
  <log4j:Event logger="net.minecraft.server.LoggedPrintStream" timestamp="1791649728215" level="INFO" thread="Render thread">
    <log4j:Message><![CDATA[[STDOUT]: [Peregrine self-test] PASS Esc closes the menu]]></log4j:Message>
  </log4j:Event>
  <log4j:Event logger="net.minecraft.server.LoggedPrintStream" timestamp="1791649728811" level="INFO" thread="Render thread">
    <log4j:Message><![CDATA[[STDOUT]: [Peregrine self-test] PASS pressing K in game switches the Clock]]></log4j:Message>
  </log4j:Event>
  <log4j:Event logger="ChunkBuilder" timestamp="1791649730122" level="INFO" thread="Render thread">
    <log4j:Message><![CDATA[Stopping worker threads]]></log4j:Message>
  </log4j:Event>
  <log4j:Event logger="ChunkBuilder" timestamp="1791649730125" level="INFO" thread="Render thread">
    <log4j:Message><![CDATA[Started 1 worker threads]]></log4j:Message>
  </log4j:Event>
  <log4j:Event logger="ChunkBuilder" timestamp="1791649730128" level="INFO" thread="Render thread">
    <log4j:Message><![CDATA[Stopping worker threads]]></log4j:Message>
  </log4j:Event>
  <log4j:Event logger="ChunkBuilder" timestamp="1791649730129" level="INFO" thread="Render thread">
    <log4j:Message><![CDATA[Started 1 worker threads]]></log4j:Message>
  </log4j:Event>
  <log4j:Event logger="net.minecraft.server.packs.resources.ReloadableResourceManager" timestamp="1791649730141" level="INFO" thread="Render thread">
    <log4j:Message><![CDATA[Reloading ResourceManager: vanilla, badoptimizations, cloth-config, conditional-mixin, dynamic_fps, dynamic_fps_common, entityculling, fabric-api, fabric-api-base, fabric-api-lookup-api-v1, fabric-biome-api-v1, fabric-block-api-v1, fabric-block-getter-api-v2, fabric-command-api-v2, fabric-content-registries-v0, fabric-convention-tags-v2, fabric-crash-report-info-v1, fabric-creative-tab-api-v1, fabric-data-attachment-api-v1, fabric-data-generation-api-v1, fabric-debug-api-v1, fabric-dimensions-v1, fabric-entity-events-v1, fabric-events-interaction-v0, fabric-game-rule-api-v1, fabric-item-api-v1, fabric-key-mapping-api-v1, fabric-lifecycle-events-v1, fabric-loot-api-v3, fabric-menu-api-v1, fabric-message-api-v1, fabric-model-loading-api-v1, fabric-networking-api-v1, fabric-object-builder-api-v1, fabric-particles-v1, fabric-permission-api-v1, fabric-recipe-api-v1, fabric-registry-sync-v0, fabric-renderer-api-v1, fabric-renderer-indigo, fabric-rendering-fluids-v1, fabric-rendering-v1, fabric-resource-conditions-api-v1, fabric-resource-loader-v0, fabric-resource-loader-v1, fabric-screen-api-v1, fabric-serialization-api-v1, fabric-sound-api-v1, fabric-tag-api-v1, fabric-transfer-api-v1, fabric-transitive-access-wideners-v1, fabricloader, immediatelyfast, lithium, moreculling, peregrine-client, scalablelux, sodium, trender, file/PeregrineTest]]></log4j:Message>
  </log4j:Event>
  <log4j:Event logger="net.minecraft.server.LoggedPrintStream" timestamp="1791649730231" level="INFO" thread="Render thread">
    <log4j:Message><![CDATA[[STDOUT]: [Peregrine self-test] PASS clear_weather hook runs]]></log4j:Message>
  </log4j:Event>
  <log4j:Event logger="net.minecraft.client.server.IntegratedServer" timestamp="1791649730245" level="INFO" thread="Server thread">
    <log4j:Message><![CDATA[Saving and pausing game...]]></log4j:Message>
  </log4j:Event>
  <log4j:Event logger="net.minecraft.server.MinecraftServer" timestamp="1791649730266" level="INFO" thread="Server thread">
    <log4j:Message><![CDATA[Saving chunks for level 'ServerLevel[world]'/minecraft:overworld]]></log4j:Message>
  </log4j:Event>
  <log4j:Event logger="net.minecraft.server.MinecraftServer" timestamp="1791649730288" level="INFO" thread="Server thread">
    <log4j:Message><![CDATA[Saving chunks for level 'ServerLevel[world]'/minecraft:the_nether]]></log4j:Message>
  </log4j:Event>
  <log4j:Event logger="net.minecraft.server.MinecraftServer" timestamp="1791649730294" level="INFO" thread="Server thread">
    <log4j:Message><![CDATA[Saving chunks for level 'ServerLevel[world]'/minecraft:the_end]]></log4j:Message>
  </log4j:Event>
  <log4j:Event logger="net.minecraft.server.LoggedPrintStream" timestamp="1791649730332" level="INFO" thread="Render thread">
    <log4j:Message><![CDATA[[STDOUT]: [Peregrine self-test] PASS clean_edges hook runs]]></log4j:Message>
  </log4j:Event>
  <log4j:Event logger="net.minecraft.client.gui.font.providers.UnihexProvider" timestamp="1791649730386" level="INFO" thread="Worker-Main-1">
    <log4j:Message><![CDATA[Found unifont_all_no_pua-17.0.01.hex, loading]]></log4j:Message>
  </log4j:Event>
  <log4j:Event logger="net.minecraft.client.gui.font.providers.UnihexProvider" timestamp="1791649730402" level="INFO" thread="Worker-Main-2">
    <log4j:Message><![CDATA[Found unifont_pua-17.0.01.hex, loading]]></log4j:Message>
  </log4j:Event>
  <log4j:Event logger="net.minecraft.client.gui.font.providers.UnihexProvider" timestamp="1791649730501" level="INFO" thread="Worker-Main-1">
    <log4j:Message><![CDATA[Found unifont_jp_patch-17.0.01.hex, loading]]></log4j:Message>
  </log4j:Event>
ALSA lib confmisc.c:855:(parse_card) cannot find card '0'
ALSA lib conf.c:5208:(_snd_config_evaluate) function snd_func_card_inum returned error: No such file or directory
ALSA lib confmisc.c:422:(snd_func_concat) error evaluating strings
ALSA lib conf.c:5208:(_snd_config_evaluate) function snd_func_concat returned error: No such file or directory
ALSA lib confmisc.c:1342:(snd_func_refer) error evaluating name
ALSA lib conf.c:5208:(_snd_config_evaluate) function snd_func_refer returned error: No such file or directory
ALSA lib conf.c:5731:(snd_config_expand) Evaluate error: No such file or directory
ALSA lib pcm.c:2721:(snd_pcm_open_noupdate) Unknown PCM default
ALSA lib confmisc.c:855:(parse_card) cannot find card '0'
ALSA lib conf.c:5208:(_snd_config_evaluate) function snd_func_card_inum returned error: No such file or directory
ALSA lib confmisc.c:422:(snd_func_concat) error evaluating strings
ALSA lib conf.c:5208:(_snd_config_evaluate) function snd_func_concat returned error: No such file or directory
ALSA lib confmisc.c:1342:(snd_func_refer) error evaluating name
ALSA lib conf.c:5208:(_snd_config_evaluate) function snd_func_refer returned error: No such file or directory
ALSA lib conf.c:5731:(snd_config_expand) Evaluate error: No such file or directory
ALSA lib pcm.c:2721:(snd_pcm_open_noupdate) Unknown PCM default
  <log4j:Event logger="net.minecraft.client.sounds.SoundEngine" timestamp="1791649731208" level="ERROR" thread="Render thread">
    <log4j:Message><![CDATA[Error starting SoundSystem. Turning off sounds & music]]></log4j:Message>
    <log4j:Throwable><![CDATA[java.lang.IllegalStateException: Failed to open OpenAL device
	at knot//com.mojang.blaze3d.audio.Library.openDeviceOrFallback(Library.java:275)
	at knot//com.mojang.blaze3d.audio.Library.init(Library.java:150)
	at knot//net.minecraft.client.sounds.SoundEngine.loadLibrary(SoundEngine.java:120)
	at knot//net.minecraft.client.sounds.SoundEngine.reload(SoundEngine.java:109)
	at knot//net.minecraft.client.sounds.SoundManager.apply(SoundManager.java:122)
	at knot//net.minecraft.client.sounds.SoundManager.apply(SoundManager.java:41)
	at knot//net.minecraft.server.packs.resources.SimplePreparableReloadListener.lambda$reload$1(SimplePreparableReloadListener.java:15)
	at java.base/java.util.concurrent.CompletableFuture$UniAccept.tryFire(Unknown Source)
	at java.base/java.util.concurrent.CompletableFuture$Completion.run(Unknown Source)
	at knot//net.minecraft.server.packs.resources.SimpleReloadInstance.lambda$prepareTasks$3(SimpleReloadInstance.java:59)
	at knot//net.minecraft.util.thread.BlockableEventLoop.doRunTask(BlockableEventLoop.java:173)
	at knot//net.minecraft.util.thread.ReentrantBlockableEventLoop.doRunTask(ReentrantBlockableEventLoop.java:23)
	at knot//net.minecraft.util.thread.BlockableEventLoop.pollTask(BlockableEventLoop.java:147)
	at knot//net.minecraft.util.thread.BlockableEventLoop.runAllTasks(BlockableEventLoop.java:127)
	at knot//net.minecraft.client.Minecraft.runTick(Minecraft.java:1345)
	at knot//net.minecraft.client.Minecraft.run(Minecraft.java:991)
	at knot//net.minecraft.client.main.Main.main(Main.java:248)
	at net.fabricmc.loader.impl.game.minecraft.MinecraftGameProvider.launch(MinecraftGameProvider.java:517)
	at net.fabricmc.loader.impl.launch.knot.Knot.launch(Knot.java:72)
	at net.fabricmc.loader.impl.launch.knot.KnotClient.main(KnotClient.java:23)
]]></log4j:Throwable>
  </log4j:Event>
  <log4j:Event logger="net.minecraft.client.renderer.texture.TextureAtlas" timestamp="1791649731209" level="INFO" thread="Render thread">
    <log4j:Message><![CDATA[Created: 512x256x0 minecraft:textures/atlas/particles.png-atlas]]></log4j:Message>
  </log4j:Event>
  <log4j:Event logger="net.minecraft.client.renderer.texture.TextureAtlas" timestamp="1791649731215" level="INFO" thread="Render thread">
    <log4j:Message><![CDATA[Created: 128x128x0 minecraft:textures/atlas/decorated_pot.png-atlas]]></log4j:Message>
  </log4j:Event>
  <log4j:Event logger="net.minecraft.client.renderer.texture.TextureAtlas" timestamp="1791649731216" level="INFO" thread="Render thread">
    <log4j:Message><![CDATA[Created: 2048x1024x0 minecraft:textures/atlas/armor_trims.png-atlas]]></log4j:Message>
  </log4j:Event>
  <log4j:Event logger="net.minecraft.client.renderer.texture.TextureAtlas" timestamp="1791649731227" level="INFO" thread="Render thread">
    <log4j:Message><![CDATA[Created: 512x256x0 minecraft:textures/atlas/paintings.png-atlas]]></log4j:Message>
  </log4j:Event>
  <log4j:Event logger="net.minecraft.client.renderer.texture.TextureAtlas" timestamp="1791649731229" level="INFO" thread="Render thread">
    <log4j:Message><![CDATA[Created: 1024x512x0 minecraft:textures/atlas/shield_patterns.png-atlas]]></log4j:Message>
  </log4j:Event>
  <log4j:Event logger="net.minecraft.client.renderer.texture.TextureAtlas" timestamp="1791649731231" level="INFO" thread="Render thread">
    <log4j:Message><![CDATA[Created: 2048x2048x4 minecraft:textures/atlas/blocks.png-atlas]]></log4j:Message>
  </log4j:Event>
  <log4j:Event logger="net.minecraft.client.renderer.texture.TextureAtlas" timestamp="1791649731401" level="INFO" thread="Render thread">
    <log4j:Message><![CDATA[Created: 512x512x0 minecraft:textures/atlas/chest.png-atlas]]></log4j:Message>
  </log4j:Event>
  <log4j:Event logger="net.minecraft.client.renderer.texture.TextureAtlas" timestamp="1791649731402" level="INFO" thread="Render thread">
    <log4j:Message><![CDATA[Created: 256x128x0 minecraft:textures/atlas/celestials.png-atlas]]></log4j:Message>
  </log4j:Event>
  <log4j:Event logger="net.minecraft.client.renderer.texture.TextureAtlas" timestamp="1791649731403" level="INFO" thread="Render thread">
    <log4j:Message><![CDATA[Created: 1024x512x0 minecraft:textures/atlas/banner_patterns.png-atlas]]></log4j:Message>
  </log4j:Event>
  <log4j:Event logger="net.minecraft.client.renderer.texture.TextureAtlas" timestamp="1791649731404" level="INFO" thread="Render thread">
    <log4j:Message><![CDATA[Created: 512x512x0 minecraft:textures/atlas/beds.png-atlas]]></log4j:Message>
  </log4j:Event>
  <log4j:Event logger="net.minecraft.client.renderer.texture.TextureAtlas" timestamp="1791649731406" level="INFO" thread="Render thread">
    <log4j:Message><![CDATA[Created: 1024x512x0 minecraft:textures/atlas/items.png-atlas]]></log4j:Message>
  </log4j:Event>
  <log4j:Event logger="net.minecraft.client.renderer.texture.TextureAtlas" timestamp="1791649731419" level="INFO" thread="Render thread">
    <log4j:Message><![CDATA[Created: 1024x1024x0 minecraft:textures/atlas/gui.png-atlas]]></log4j:Message>
  </log4j:Event>
  <log4j:Event logger="net.minecraft.client.renderer.texture.TextureAtlas" timestamp="1791649731433" level="INFO" thread="Render thread">
    <log4j:Message><![CDATA[Created: 128x64x0 minecraft:textures/atlas/map_decorations.png-atlas]]></log4j:Message>
  </log4j:Event>
  <log4j:Event logger="net.minecraft.client.renderer.texture.TextureAtlas" timestamp="1791649731436" level="INFO" thread="Render thread">
    <log4j:Message><![CDATA[Created: 512x256x0 minecraft:textures/atlas/signs.png-atlas]]></log4j:Message>
  </log4j:Event>
  <log4j:Event logger="net.minecraft.client.renderer.texture.TextureAtlas" timestamp="1791649731437" level="INFO" thread="Render thread">
    <log4j:Message><![CDATA[Created: 512x512x0 minecraft:textures/atlas/shulker_boxes.png-atlas]]></log4j:Message>
  </log4j:Event>
  <log4j:Event logger="moreculling" timestamp="1791649731641" level="INFO" thread="Render thread">
    <log4j:Message><![CDATA[29877 cache(s) were cleared!]]></log4j:Message>
  </log4j:Event>
  <log4j:Event logger="ChunkBuilder" timestamp="1791649731648" level="INFO" thread="Render thread">
    <log4j:Message><![CDATA[Stopping worker threads]]></log4j:Message>
  </log4j:Event>
  <log4j:Event logger="ChunkBuilder" timestamp="1791649731651" level="INFO" thread="Render thread">
    <log4j:Message><![CDATA[Started 1 worker threads]]></log4j:Message>
  </log4j:Event>
  <log4j:Event logger="net.minecraft.server.LoggedPrintStream" timestamp="1791649732077" level="INFO" thread="Render thread">
    <log4j:Message><![CDATA[[STDOUT]: [Peregrine self-test] PASS anti base leak: every block uses one rotation]]></log4j:Message>
  </log4j:Event>
  <log4j:Event logger="net.minecraft.server.LoggedPrintStream" timestamp="1791649732126" level="INFO" thread="Render thread">
    <log4j:Message><![CDATA[[STDOUT]: [Peregrine self-test] PASS anti base leak: block model hook runs (diamond bedrock)]]></log4j:Message>
  </log4j:Event>
  <log4j:Event logger="net.minecraft.server.LoggedPrintStream" timestamp="1791649732222" level="INFO" thread="Render thread">
    <log4j:Message><![CDATA[[STDOUT]: [Peregrine self-test] PASS bedrock is drawn as diamond blocks]]></log4j:Message>
  </log4j:Event>
  <log4j:Event logger="net.minecraft.server.LoggedPrintStream" timestamp="1791649732280" level="INFO" thread="Render thread">
    <log4j:Message><![CDATA[[STDOUT]: [Peregrine self-test] PASS item physics lays the dropped item down]]></log4j:Message>
  </log4j:Event>
  <log4j:Event logger="net.minecraft.server.packs.resources.ReloadableResourceManager" timestamp="1791649733699" level="INFO" thread="Render thread">
    <log4j:Message><![CDATA[Reloading ResourceManager: vanilla, badoptimizations, cloth-config, conditional-mixin, dynamic_fps, dynamic_fps_common, entityculling, fabric-api, fabric-api-base, fabric-api-lookup-api-v1, fabric-biome-api-v1, fabric-block-api-v1, fabric-block-getter-api-v2, fabric-command-api-v2, fabric-content-registries-v0, fabric-convention-tags-v2, fabric-crash-report-info-v1, fabric-creative-tab-api-v1, fabric-data-attachment-api-v1, fabric-data-generation-api-v1, fabric-debug-api-v1, fabric-dimensions-v1, fabric-entity-events-v1, fabric-events-interaction-v0, fabric-game-rule-api-v1, fabric-item-api-v1, fabric-key-mapping-api-v1, fabric-lifecycle-events-v1, fabric-loot-api-v3, fabric-menu-api-v1, fabric-message-api-v1, fabric-model-loading-api-v1, fabric-networking-api-v1, fabric-object-builder-api-v1, fabric-particles-v1, fabric-permission-api-v1, fabric-recipe-api-v1, fabric-registry-sync-v0, fabric-renderer-api-v1, fabric-renderer-indigo, fabric-rendering-fluids-v1, fabric-rendering-v1, fabric-resource-conditions-api-v1, fabric-resource-loader-v0, fabric-resource-loader-v1, fabric-screen-api-v1, fabric-serialization-api-v1, fabric-sound-api-v1, fabric-tag-api-v1, fabric-transfer-api-v1, fabric-transitive-access-wideners-v1, fabricloader, immediatelyfast, lithium, moreculling, peregrine-client, scalablelux, sodium, trender, file/PeregrineTest]]></log4j:Message>
  </log4j:Event>
  <log4j:Event logger="net.minecraft.client.server.IntegratedServer" timestamp="1791649733844" level="INFO" thread="Server thread">
    <log4j:Message><![CDATA[Saving and pausing game...]]></log4j:Message>
  </log4j:Event>
  <log4j:Event logger="net.minecraft.server.MinecraftServer" timestamp="1791649733852" level="INFO" thread="Server thread">
    <log4j:Message><![CDATA[Saving chunks for level 'ServerLevel[world]'/minecraft:overworld]]></log4j:Message>
  </log4j:Event>
  <log4j:Event logger="net.minecraft.server.MinecraftServer" timestamp="1791649733870" level="INFO" thread="Server thread">
    <log4j:Message><![CDATA[Saving chunks for level 'ServerLevel[world]'/minecraft:the_nether]]></log4j:Message>
  </log4j:Event>
  <log4j:Event logger="net.minecraft.server.MinecraftServer" timestamp="1791649733870" level="INFO" thread="Server thread">
    <log4j:Message><![CDATA[Saving chunks for level 'ServerLevel[world]'/minecraft:the_end]]></log4j:Message>
  </log4j:Event>
  <log4j:Event logger="net.minecraft.client.gui.font.providers.UnihexProvider" timestamp="1791649733935" level="INFO" thread="Worker-Main-3">
    <log4j:Message><![CDATA[Found unifont_all_no_pua-17.0.01.hex, loading]]></log4j:Message>
  </log4j:Event>
  <log4j:Event logger="net.minecraft.client.gui.font.providers.UnihexProvider" timestamp="1791649733956" level="INFO" thread="Worker-Main-1">
    <log4j:Message><![CDATA[Found unifont_pua-17.0.01.hex, loading]]></log4j:Message>
  </log4j:Event>
  <log4j:Event logger="net.minecraft.client.gui.font.providers.UnihexProvider" timestamp="1791649734036" level="INFO" thread="Worker-Main-3">
    <log4j:Message><![CDATA[Found unifont_jp_patch-17.0.01.hex, loading]]></log4j:Message>
  </log4j:Event>
ALSA lib confmisc.c:855:(parse_card) cannot find card '0'
ALSA lib conf.c:5208:(_snd_config_evaluate) function snd_func_card_inum returned error: No such file or directory
ALSA lib confmisc.c:422:(snd_func_concat) error evaluating strings
ALSA lib conf.c:5208:(_snd_config_evaluate) function snd_func_concat returned error: No such file or directory
ALSA lib confmisc.c:1342:(snd_func_refer) error evaluating name
ALSA lib conf.c:5208:(_snd_config_evaluate) function snd_func_refer returned error: No such file or directory
ALSA lib conf.c:5731:(snd_config_expand) Evaluate error: No such file or directory
ALSA lib pcm.c:2721:(snd_pcm_open_noupdate) Unknown PCM default
ALSA lib confmisc.c:855:(parse_card) cannot find card '0'
ALSA lib conf.c:5208:(_snd_config_evaluate) function snd_func_card_inum returned error: No such file or directory
ALSA lib confmisc.c:422:(snd_func_concat) error evaluating strings
ALSA lib conf.c:5208:(_snd_config_evaluate) function snd_func_concat returned error: No such file or directory
ALSA lib confmisc.c:1342:(snd_func_refer) error evaluating name
ALSA lib conf.c:5208:(_snd_config_evaluate) function snd_func_refer returned error: No such file or directory
ALSA lib conf.c:5731:(snd_config_expand) Evaluate error: No such file or directory
ALSA lib pcm.c:2721:(snd_pcm_open_noupdate) Unknown PCM default
  <log4j:Event logger="net.minecraft.client.sounds.SoundEngine" timestamp="1791649734529" level="ERROR" thread="Render thread">
    <log4j:Message><![CDATA[Error starting SoundSystem. Turning off sounds & music]]></log4j:Message>
    <log4j:Throwable><![CDATA[java.lang.IllegalStateException: Failed to open OpenAL device
	at knot//com.mojang.blaze3d.audio.Library.openDeviceOrFallback(Library.java:275)
	at knot//com.mojang.blaze3d.audio.Library.init(Library.java:150)
	at knot//net.minecraft.client.sounds.SoundEngine.loadLibrary(SoundEngine.java:120)
	at knot//net.minecraft.client.sounds.SoundEngine.reload(SoundEngine.java:109)
	at knot//net.minecraft.client.sounds.SoundManager.apply(SoundManager.java:122)
	at knot//net.minecraft.client.sounds.SoundManager.apply(SoundManager.java:41)
	at knot//net.minecraft.server.packs.resources.SimplePreparableReloadListener.lambda$reload$1(SimplePreparableReloadListener.java:15)
	at java.base/java.util.concurrent.CompletableFuture$UniAccept.tryFire(Unknown Source)
	at java.base/java.util.concurrent.CompletableFuture$Completion.run(Unknown Source)
	at knot//net.minecraft.server.packs.resources.SimpleReloadInstance.lambda$prepareTasks$3(SimpleReloadInstance.java:59)
	at knot//net.minecraft.util.thread.BlockableEventLoop.doRunTask(BlockableEventLoop.java:173)
	at knot//net.minecraft.util.thread.ReentrantBlockableEventLoop.doRunTask(ReentrantBlockableEventLoop.java:23)
	at knot//net.minecraft.util.thread.BlockableEventLoop.pollTask(BlockableEventLoop.java:147)
	at knot//net.minecraft.util.thread.BlockableEventLoop.runAllTasks(BlockableEventLoop.java:127)
	at knot//net.minecraft.client.Minecraft.runTick(Minecraft.java:1345)
	at knot//net.minecraft.client.Minecraft.run(Minecraft.java:991)
	at knot//net.minecraft.client.main.Main.main(Main.java:248)
	at net.fabricmc.loader.impl.game.minecraft.MinecraftGameProvider.launch(MinecraftGameProvider.java:517)
	at net.fabricmc.loader.impl.launch.knot.Knot.launch(Knot.java:72)
	at net.fabricmc.loader.impl.launch.knot.KnotClient.main(KnotClient.java:23)
]]></log4j:Throwable>
  </log4j:Event>
  <log4j:Event logger="net.minecraft.client.renderer.texture.TextureAtlas" timestamp="1791649734530" level="INFO" thread="Render thread">
    <log4j:Message><![CDATA[Created: 512x256x0 minecraft:textures/atlas/particles.png-atlas]]></log4j:Message>
  </log4j:Event>
  <log4j:Event logger="net.minecraft.client.renderer.texture.TextureAtlas" timestamp="1791649734535" level="INFO" thread="Render thread">
    <log4j:Message><![CDATA[Created: 128x128x0 minecraft:textures/atlas/decorated_pot.png-atlas]]></log4j:Message>
  </log4j:Event>
  <log4j:Event logger="net.minecraft.client.renderer.texture.TextureAtlas" timestamp="1791649734536" level="INFO" thread="Render thread">
    <log4j:Message><![CDATA[Created: 2048x1024x0 minecraft:textures/atlas/armor_trims.png-atlas]]></log4j:Message>
  </log4j:Event>
  <log4j:Event logger="net.minecraft.client.renderer.texture.TextureAtlas" timestamp="1791649734543" level="INFO" thread="Render thread">
    <log4j:Message><![CDATA[Created: 512x256x0 minecraft:textures/atlas/paintings.png-atlas]]></log4j:Message>
  </log4j:Event>
  <log4j:Event logger="net.minecraft.client.renderer.texture.TextureAtlas" timestamp="1791649734546" level="INFO" thread="Render thread">
    <log4j:Message><![CDATA[Created: 1024x512x0 minecraft:textures/atlas/shield_patterns.png-atlas]]></log4j:Message>
  </log4j:Event>
  <log4j:Event logger="net.minecraft.client.renderer.texture.TextureAtlas" timestamp="1791649734549" level="INFO" thread="Render thread">
    <log4j:Message><![CDATA[Created: 2048x2048x4 minecraft:textures/atlas/blocks.png-atlas]]></log4j:Message>
  </log4j:Event>
  <log4j:Event logger="net.minecraft.client.renderer.texture.TextureAtlas" timestamp="1791649734631" level="INFO" thread="Render thread">
    <log4j:Message><![CDATA[Created: 512x512x0 minecraft:textures/atlas/chest.png-atlas]]></log4j:Message>
  </log4j:Event>
  <log4j:Event logger="net.minecraft.client.renderer.texture.TextureAtlas" timestamp="1791649734632" level="INFO" thread="Render thread">
    <log4j:Message><![CDATA[Created: 256x128x0 minecraft:textures/atlas/celestials.png-atlas]]></log4j:Message>
  </log4j:Event>
  <log4j:Event logger="net.minecraft.client.renderer.texture.TextureAtlas" timestamp="1791649734632" level="INFO" thread="Render thread">
    <log4j:Message><![CDATA[Created: 1024x512x0 minecraft:textures/atlas/banner_patterns.png-atlas]]></log4j:Message>
  </log4j:Event>
  <log4j:Event logger="net.minecraft.client.renderer.texture.TextureAtlas" timestamp="1791649734633" level="INFO" thread="Render thread">
    <log4j:Message><![CDATA[Created: 512x512x0 minecraft:textures/atlas/beds.png-atlas]]></log4j:Message>
  </log4j:Event>
  <log4j:Event logger="net.minecraft.client.renderer.texture.TextureAtlas" timestamp="1791649734633" level="INFO" thread="Render thread">
    <log4j:Message><![CDATA[Created: 1024x512x0 minecraft:textures/atlas/items.png-atlas]]></log4j:Message>
  </log4j:Event>
  <log4j:Event logger="net.minecraft.client.renderer.texture.TextureAtlas" timestamp="1791649734643" level="INFO" thread="Render thread">
    <log4j:Message><![CDATA[Created: 1024x1024x0 minecraft:textures/atlas/gui.png-atlas]]></log4j:Message>
  </log4j:Event>
  <log4j:Event logger="net.minecraft.client.renderer.texture.TextureAtlas" timestamp="1791649734650" level="INFO" thread="Render thread">
    <log4j:Message><![CDATA[Created: 128x64x0 minecraft:textures/atlas/map_decorations.png-atlas]]></log4j:Message>
  </log4j:Event>
  <log4j:Event logger="net.minecraft.client.renderer.texture.TextureAtlas" timestamp="1791649734650" level="INFO" thread="Render thread">
    <log4j:Message><![CDATA[Created: 512x256x0 minecraft:textures/atlas/signs.png-atlas]]></log4j:Message>
  </log4j:Event>
  <log4j:Event logger="net.minecraft.client.renderer.texture.TextureAtlas" timestamp="1791649734651" level="INFO" thread="Render thread">
    <log4j:Message><![CDATA[Created: 512x512x0 minecraft:textures/atlas/shulker_boxes.png-atlas]]></log4j:Message>
  </log4j:Event>
  <log4j:Event logger="moreculling" timestamp="1791649734823" level="INFO" thread="Render thread">
    <log4j:Message><![CDATA[29877 cache(s) were cleared!]]></log4j:Message>
  </log4j:Event>
  <log4j:Event logger="ChunkBuilder" timestamp="1791649734828" level="INFO" thread="Render thread">
    <log4j:Message><![CDATA[Stopping worker threads]]></log4j:Message>
  </log4j:Event>
  <log4j:Event logger="ChunkBuilder" timestamp="1791649734831" level="INFO" thread="Render thread">
    <log4j:Message><![CDATA[Started 1 worker threads]]></log4j:Message>
  </log4j:Event>
  <log4j:Event logger="net.minecraft.server.LoggedPrintStream" timestamp="1791649735723" level="INFO" thread="Render thread">
    <log4j:Message><![CDATA[[STDOUT]: [Peregrine self-test] PASS custom crosshair draws]]></log4j:Message>
  </log4j:Event>
  <log4j:Event logger="net.minecraft.server.LoggedPrintStream" timestamp="1791649738082" level="INFO" thread="Render thread">
    <log4j:Message><![CDATA[[STDOUT]: [Peregrine self-test] PASS holding Alt starts freelook in third person]]></log4j:Message>
  </log4j:Event>
  <log4j:Event logger="net.minecraft.server.LoggedPrintStream" timestamp="1791649740307" level="INFO" thread="Render thread">
    <log4j:Message><![CDATA[[STDOUT]: [Peregrine self-test] PASS letting go of Alt goes back to first person]]></log4j:Message>
  </log4j:Event>
  <log4j:Event logger="net.minecraft.server.LoggedPrintStream" timestamp="1791649740426" level="INFO" thread="Render thread">
    <log4j:Message><![CDATA[[STDOUT]: [Peregrine self-test] PASS particles: lava sparks are thinned out]]></log4j:Message>
  </log4j:Event>
  <log4j:Event logger="net.minecraft.server.LoggedPrintStream" timestamp="1791649740460" level="INFO" thread="Render thread">
    <log4j:Message><![CDATA[[STDOUT]: [Peregrine self-test] PASS fullbright lights up dark places]]></log4j:Message>
  </log4j:Event>
  <log4j:Event logger="net.minecraft.server.LoggedPrintStream" timestamp="1791649740522" level="INFO" thread="Render thread">
    <log4j:Message><![CDATA[[STDOUT]: [Peregrine self-test] PASS 1.7 animations: held item moves]]></log4j:Message>
  </log4j:Event>
  <log4j:Event logger="net.minecraft.server.LoggedPrintStream" timestamp="1791649740556" level="INFO" thread="Render thread">
    <log4j:Message><![CDATA[[STDOUT]: [Peregrine self-test] PASS hitboxes draw without F3+B]]></log4j:Message>
  </log4j:Event>
  <log4j:Event logger="net.minecraft.server.LoggedPrintStream" timestamp="1791649740619" level="INFO" thread="Render thread">
    <log4j:Message><![CDATA[[STDOUT]: [Peregrine self-test] PASS resource packs leave the menus alone (test pack's button and splash skipped)]]></log4j:Message>
  </log4j:Event>
  <log4j:Event logger="net.minecraft.server.LoggedPrintStream" timestamp="1791649740676" level="INFO" thread="Render thread">
    <log4j:Message><![CDATA[[STDOUT]: [Peregrine self-test] PASS small totem: the totem in your hand is drawn smaller]]></log4j:Message>
  </log4j:Event>
  <log4j:Event logger="net.minecraft.server.LoggedPrintStream" timestamp="1791649742477" level="INFO" thread="Render thread">
    <log4j:Message><![CDATA[[STDOUT]: [Peregrine self-test] PASS your own name tag shows in third person]]></log4j:Message>
  </log4j:Event>
  <log4j:Event logger="net.minecraft.server.LoggedPrintStream" timestamp="1791649744269" level="INFO" thread="Render thread">
    <log4j:Message><![CDATA[[STDOUT]: [Peregrine self-test] PASS fog is pushed away]]></log4j:Message>
  </log4j:Event>
  <log4j:Event logger="net.minecraft.server.LoggedPrintStream" timestamp="1791649744306" level="INFO" thread="Render thread">
    <log4j:Message><![CDATA[[STDOUT]: [Peregrine self-test] PASS block outline in the chosen color]]></log4j:Message>
  </log4j:Event>
  <log4j:Event logger="net.minecraft.server.LoggedPrintStream" timestamp="1791649744369" level="INFO" thread="Render thread">
    <log4j:Message><![CDATA[[STDOUT]: [Peregrine self-test] PASS ores you can see get an outline]]></log4j:Message>
  </log4j:Event>
  <log4j:Event logger="net.minecraft.server.LoggedPrintStream" timestamp="1791649744416" level="INFO" thread="Render thread">
    <log4j:Message><![CDATA[[STDOUT]: [Peregrine self-test] PASS the sky stops moving]]></log4j:Message>
  </log4j:Event>
  <log4j:Event logger="net.minecraft.server.LoggedPrintStream" timestamp="1791649744470" level="INFO" thread="Render thread">
    <log4j:Message><![CDATA[[STDOUT]: [Peregrine self-test] PASS swing speed changes the swing]]></log4j:Message>
  </log4j:Event>
  <log4j:Event logger="net.minecraft.server.LoggedPrintStream" timestamp="1791649746115" level="INFO" thread="Render thread">
    <log4j:Message><![CDATA[[STDOUT]: [Peregrine self-test] INFO hooks: seed=1000 offset=1000 model=1000 bedrock=1000 items=450 crosshair=3815 camera=81 particles=1000 nightvision=1000 animation=448 hitbox=1000 nametag=145 scoreboard=0 fire=0 inventory=0 totem=224 packs=86 fog=1000 outline=503 ores=497 sky=1000 swing=22 sound=0]]></log4j:Message>
  </log4j:Event>
  <log4j:Event logger="net.minecraft.server.LoggedPrintStream" timestamp="1791649746157" level="INFO" thread="Render thread">
    <log4j:Message><![CDATA[[STDOUT]: [Peregrine self-test] INFO counts {on:clear_weather=793344, keybind:clock=1, click@95,205/0=1, editor=607, click@159,102/0=1, zoom-hook=3832, click@218,121/0=1, click@183,106/0=1, zoom-active=135, click@179,100/0=1, click@229,51/0=1, menu=936, click@89,51/0=1, click@331,89/0=1, mouse=1, click@245,134/0=1, hud=3962, click@149,90/1=1, on:clean_edges=3962, click@95,51/0=1, click@159,85/0=1, click@162,51/0=1}]]></log4j:Message>
  </log4j:Event>
  <log4j:Event logger="net.minecraft.server.LoggedPrintStream" timestamp="1791649746158" level="INFO" thread="Render thread">
    <log4j:Message><![CDATA[[STDOUT]: [Peregrine self-test] PASS finished with 0 failure(s)]]></log4j:Message>
  </log4j:Event>
  <log4j:Event logger="net.minecraft.server.LoggedPrintStream" timestamp="1791649747266" level="INFO" thread="CullThread">
    <log4j:Message><![CDATA[[STDOUT]: Shutting down culling task!]]></log4j:Message>
  </log4j:Event>
  <log4j:Event logger="net.minecraft.client.Minecraft" timestamp="1791649747279" level="INFO" thread="Render thread">
    <log4j:Message><![CDATA[Stopping!]]></log4j:Message>
  </log4j:Event>
  <log4j:Event logger="net.minecraft.server.MinecraftServer" timestamp="1791649747293" level="INFO" thread="Server thread">
    <log4j:Message><![CDATA[Stopping server]]></log4j:Message>
  </log4j:Event>
  <log4j:Event logger="net.minecraft.server.MinecraftServer" timestamp="1791649747294" level="INFO" thread="Server thread">
    <log4j:Message><![CDATA[Saving players]]></log4j:Message>
  </log4j:Event>
  <log4j:Event logger="net.minecraft.server.network.ServerGamePacketListenerImpl" timestamp="1791649747308" level="INFO" thread="Server thread">
    <log4j:Message><![CDATA[Tester lost connection: Disconnected]]></log4j:Message>
  </log4j:Event>
  <log4j:Event logger="net.minecraft.server.MinecraftServer" timestamp="1791649747308" level="INFO" thread="Server thread">
    <log4j:Message><![CDATA[Tester left the game]]></log4j:Message>
  </log4j:Event>
  <log4j:Event logger="net.minecraft.server.network.ServerCommonPacketListenerImpl" timestamp="1791649747313" level="INFO" thread="Server thread">
    <log4j:Message><![CDATA[Stopping singleplayer server as player logged out]]></log4j:Message>
  </log4j:Event>
  <log4j:Event logger="net.minecraft.server.MinecraftServer" timestamp="1791649747313" level="INFO" thread="Server thread">
    <log4j:Message><![CDATA[Saving worlds]]></log4j:Message>
  </log4j:Event>
  <log4j:Event logger="net.minecraft.server.MinecraftServer" timestamp="1791649747475" level="INFO" thread="Server thread">
    <log4j:Message><![CDATA[Saving chunks for level 'ServerLevel[world]'/minecraft:overworld]]></log4j:Message>
  </log4j:Event>
  <log4j:Event logger="net.minecraft.server.MinecraftServer" timestamp="1791649747916" level="INFO" thread="Server thread">
    <log4j:Message><![CDATA[Saving chunks for level 'ServerLevel[world]'/minecraft:the_nether]]></log4j:Message>
  </log4j:Event>
  <log4j:Event logger="net.minecraft.server.MinecraftServer" timestamp="1791649747920" level="INFO" thread="Server thread">
    <log4j:Message><![CDATA[Saving chunks for level 'ServerLevel[world]'/minecraft:the_end]]></log4j:Message>
  </log4j:Event>
  <log4j:Event logger="net.minecraft.server.MinecraftServer" timestamp="1791649747926" level="INFO" thread="Server thread">
    <log4j:Message><![CDATA[ThreadedAnvilChunkStorage (world): All chunks are saved]]></log4j:Message>
  </log4j:Event>
  <log4j:Event logger="net.minecraft.server.MinecraftServer" timestamp="1791649747927" level="INFO" thread="Server thread">
    <log4j:Message><![CDATA[ThreadedAnvilChunkStorage (DIM-1): All chunks are saved]]></log4j:Message>
  </log4j:Event>
  <log4j:Event logger="net.minecraft.server.MinecraftServer" timestamp="1791649747927" level="INFO" thread="Server thread">
    <log4j:Message><![CDATA[ThreadedAnvilChunkStorage (DIM1): All chunks are saved]]></log4j:Message>
  </log4j:Event>
  <log4j:Event logger="net.minecraft.server.MinecraftServer" timestamp="1791649747927" level="INFO" thread="Server thread">
    <log4j:Message><![CDATA[ThreadedAnvilChunkStorage: All dimensions are saved]]></log4j:Message>
  </log4j:Event>
  <log4j:Event logger="ChunkBuilder" timestamp="1791649747958" level="INFO" thread="Render thread">
    <log4j:Message><![CDATA[Stopping worker threads]]></log4j:Message>
  </log4j:Event>
