  <log4j:Event logger="FabricLoader/GameProvider" timestamp="1791649661753" level="INFO" thread="main">
    <log4j:Message><![CDATA[Loading Minecraft 26.2 with Fabric Loader 0.19.5]]></log4j:Message>
  </log4j:Event>
  <log4j:Event logger="FabricLoader/Mappings" timestamp="1791649661756" level="INFO" thread="main">
    <log4j:Message><![CDATA[Mappings not present!]]></log4j:Message>
  </log4j:Event>
  <log4j:Event logger="FabricLoader/Resolution" timestamp="1791649661955" level="WARN" thread="main">
    <log4j:Message><![CDATA[Warnings were found!
 - Mod 'Dynamic FPS' (dynamic_fps) 3.11.9 recommends any version of modmenu, which is missing!
	 - You should install any version of modmenu for the optimal experience.]]></log4j:Message>
  </log4j:Event>
  <log4j:Event logger="FabricLoader" timestamp="1791649661957" level="INFO" thread="main">
    <log4j:Message><![CDATA[Loading 68 mods:
	- badoptimizations 2.4.1
	- cloth-config 26.2.155
	   \-- cloth-basic-math 0.6.1
	- clumps 26.2.1
	- dynamic_fps 3.11.9
	   |-- dynamic_fps_common 3.11.9
	   \-- net_lostluma_battery 2.1.0
	- entityculling 1.11.3
	   |-- transition 1.0.26
	   \-- trender 1.0.17
	- fabric-api 0.161.0+26.2
	   |-- fabric-advancement-api-v1 1.0.0+58719a3b9e
	   |-- fabric-api-base 2.0.4+ece063239e
	   |-- fabric-api-lookup-api-v1 2.0.18+11e1c9a39e
	   |-- fabric-biome-api-v1 18.0.6+c7bd5b8e9e
	   |-- fabric-block-api-v1 3.1.0+53515aab9e
	   |-- fabric-block-getter-api-v2 2.0.7+ec56b6019e
	   |-- fabric-command-api-v2 3.1.0+00cb03469e
	   |-- fabric-content-registries-v0 11.3.2+37b1aa249e
	   |-- fabric-convention-tags-v2 4.7.1+1f023a9e9e
	   |-- fabric-crash-report-info-v1 1.0.5+086d547a9e
	   |-- fabric-creative-tab-api-v1 5.0.15+6468574f9e
	   |-- fabric-data-attachment-api-v1 2.2.19+515ac5339e
	   |-- fabric-data-generation-api-v1 25.6.0+c0da0b829e
	   |-- fabric-debug-api-v1 1.0.2+c792624d9e
	   |-- fabric-dimensions-v1 5.1.12+515ac5339e
	   |-- fabric-entity-events-v1 5.0.5+06488ac19e
	   |-- fabric-events-interaction-v0 5.2.8+515ac5339e
	   |-- fabric-game-rule-api-v1 4.0.8+46a6d00c9e
	   |-- fabric-item-api-v1 14.5.0+c68f6cbe9e
	   |-- fabric-key-mapping-api-v1 2.0.5+e2bdee789e
	   |-- fabric-lifecycle-events-v1 4.1.4+29b6eb019e
	   |-- fabric-loot-api-v3 3.0.17+06488ac19e
	   |-- fabric-menu-api-v1 2.0.17+086d547a9e
	   |-- fabric-message-api-v1 7.0.8+bb2ed3f79e
	   |-- fabric-model-loading-api-v1 8.0.17+c80601bb9e
	   |-- fabric-networking-api-v1 6.3.4+2989c6a09e
	   |-- fabric-object-builder-api-v1 24.1.1+6fcd5f039e
	   |-- fabric-particles-v1 5.0.19+d1756aa99e
	   |-- fabric-permission-api-v1 1.0.5+e442d8d09e
	   |-- fabric-recipe-api-v1 9.0.22+11e1c9a39e
	   |-- fabric-registry-sync-v0 7.1.1+c7bd5b8e9e
	   |-- fabric-renderer-api-v1 14.1.4+2b0d8a229e
	   |-- fabric-renderer-indigo 9.1.4+2b0d8a229e
	   |-- fabric-rendering-fluids-v1 6.0.4+06488ac19e
	   |-- fabric-rendering-v1 25.3.3+515ac5339e
	   |-- fabric-resource-conditions-api-v1 6.1.0+10e9a28b9e
	   |-- fabric-resource-loader-v0 3.3.20+4fc5413f9e
	   |-- fabric-resource-loader-v1 2.0.13+9edec1269e
	   |-- fabric-screen-api-v1 5.2.1+5087f8249e
	   |-- fabric-serialization-api-v1 2.0.4+11a26f319e
	   |-- fabric-sound-api-v1 2.0.5+11a26f319e
	   |-- fabric-tag-api-v1 2.1.4+515ac5339e
	   |-- fabric-transfer-api-v1 8.0.13+11dbb7d79e
	   \-- fabric-transitive-access-wideners-v1 8.1.4+67c847259e
	- fabricloader 0.19.5
	   \-- mixinextras 0.5.5
	- ferritecore 9.0.0
	- immediatelyfast 1.16.5+26.2
	- java 25
	- lithium 0.25.3+mc26.2
	- minecraft 26.2
	- moreculling 1.8.1
	   |-- conditional-mixin 0.6.3
	   \-- mixinsquared 0.2.0
	- peregrine-client 1.0.1
	- scalablelux 0.2.1+fabric.2b08348
	- sodium 0.9.2+mc26.2]]></log4j:Message>
  </log4j:Event>
  <log4j:Event logger="FabricLoader/Mixin" timestamp="1791649662059" level="INFO" thread="main">
    <log4j:Message><![CDATA[SpongePowered MIXIN Subsystem Version=0.8.7 Source=file:/home/runner/work/peregrine-launcher/peregrine-launcher/out/26.2/home/data/peregrine/libraries/net/fabricmc/sponge-mixin/0.17.4+mixin.0.8.7/sponge-mixin-0.17.4+mixin.0.8.7.jar Service=Knot/Fabric Env=CLIENT]]></log4j:Message>
  </log4j:Event>
  <log4j:Event logger="BadOptimizations" timestamp="1791649662215" level="INFO" thread="main">
    <log4j:Message><![CDATA[Config version: 6]]></log4j:Message>
  </log4j:Event>
  <log4j:Event logger="BadOptimizations" timestamp="1791649662215" level="INFO" thread="main">
    <log4j:Message><![CDATA[BadOptimizations is generating the config with default values]]></log4j:Message>
  </log4j:Event>
  <log4j:Event logger="BadOptimizations" timestamp="1791649662216" level="INFO" thread="main">
    <log4j:Message><![CDATA[Generating config file version 6]]></log4j:Message>
  </log4j:Event>
  <log4j:Event logger="FabricLoader/Mixin" timestamp="1791649662219" level="WARN" thread="main">
    <log4j:Message><![CDATA[Reference map 'clumps.refmap.json' for clumps.mixins.json could not be read. If this is a development environment you can ignore this message]]></log4j:Message>
  </log4j:Event>
  <log4j:Event logger="FabricLoader/Mixin" timestamp="1791649662220" level="WARN" thread="main">
    <log4j:Message><![CDATA[Reference map 'entityculling.refmap.mixins.json' for entityculling.mixins.json could not be read. If this is a development environment you can ignore this message]]></log4j:Message>
  </log4j:Event>
  <log4j:Event logger="Lithium" timestamp="1791649662538" level="INFO" thread="main">
    <log4j:Message><![CDATA[Loaded configuration file for Lithium: 171 options available, 0 override(s) found.]]></log4j:Message>
  </log4j:Event>
  <log4j:Event logger="Sodium" timestamp="1791649662595" level="INFO" thread="main">
    <log4j:Message><![CDATA[Loaded configuration file for Sodium: 37 options available, 0 override(s) found]]></log4j:Message>
  </log4j:Event>
  <log4j:Event logger="FabricLoader/Mixin" timestamp="1791649663264" level="WARN" thread="main">
    <log4j:Message><![CDATA[Error loading class: net/minecraft/client/renderer/FirstPersonHandsAndItemsRenderer (java.lang.ClassNotFoundException: net/minecraft/client/renderer/FirstPersonHandsAndItemsRenderer)]]></log4j:Message>
  </log4j:Event>
  <log4j:Event logger="FabricLoader/Mixin" timestamp="1791649663265" level="WARN" thread="main">
    <log4j:Message><![CDATA[@Mixin target net.minecraft.client.renderer.FirstPersonHandsAndItemsRenderer was not found peregrine-client-extras.mixins.json:OldAnimationsMixin from mod peregrine-client]]></log4j:Message>
  </log4j:Event>
  <log4j:Event logger="FabricLoader/Mixin" timestamp="1791649663267" level="WARN" thread="main">
    <log4j:Message><![CDATA[@Mixin target net.minecraft.client.renderer.FirstPersonHandsAndItemsRenderer was not found peregrine-client-extras.mixins.json:TotemHeldMixin from mod peregrine-client]]></log4j:Message>
  </log4j:Event>
  <log4j:Event logger="Sodium-GraphicsAdapterProbe" timestamp="1791649663433" level="INFO" thread="main">
    <log4j:Message><![CDATA[Searching for graphics cards...]]></log4j:Message>
  </log4j:Event>
  <log4j:Event logger="Sodium-GraphicsAdapterProbe" timestamp="1791649663435" level="WARN" thread="main">
    <log4j:Message><![CDATA[Could not find any graphics adapters! Probably the device is not on a bus we can probe, or there are no devices supporting 3D acceleration.]]></log4j:Message>
  </log4j:Event>
  <log4j:Event logger="Sodium-Workarounds" timestamp="1791649663438" level="WARN" thread="main">
    <log4j:Message><![CDATA[Sodium has applied one or more workarounds to prevent crashes or other issues on your system: [NO_ERROR_CONTEXT_UNSUPPORTED]]]></log4j:Message>
  </log4j:Event>
  <log4j:Event logger="Sodium-Workarounds" timestamp="1791649663439" level="WARN" thread="main">
    <log4j:Message><![CDATA[This is not necessarily an issue, but it may result in certain features or optimizations being disabled. You can sometimes fix these issues by upgrading your graphics driver.]]></log4j:Message>
  </log4j:Event>
  <log4j:Event logger="FabricLoader/MixinExtras|Service" timestamp="1791649663544" level="INFO" thread="main">
    <log4j:Message><![CDATA[Initializing MixinExtras via com.llamalad7.mixinextras.service.MixinExtrasServiceImpl(version=0.5.5).]]></log4j:Message>
  </log4j:Event>
  <log4j:Event logger="com.mojang.datafixers.DataFixerBuilder" timestamp="1791649665111" level="INFO" thread="Datafixer Bootstrap #0">
    <log4j:Message><![CDATA[295 Datafixer optimizations took 630 milliseconds]]></log4j:Message>
  </log4j:Event>
  <log4j:Event logger="com.mojang.authlib.yggdrasil.YggdrasilAuthenticationService" timestamp="1791649670108" level="INFO" thread="Render thread">
    <log4j:Message><![CDATA[Environment: Environment[sessionHost=https://sessionserver.mojang.com, servicesHost=https://api.minecraftservices.com, profilesHost=https://api.mojang.com, name=PROD]]]></log4j:Message>
  </log4j:Event>
  <log4j:Event logger="net.minecraft.client.Minecraft" timestamp="1791649670137" level="INFO" thread="Render thread">
    <log4j:Message><![CDATA[Setting user: Tester]]></log4j:Message>
  </log4j:Event>
  <log4j:Event logger="net.fabricmc.fabric.impl.client.indigo.Indigo" timestamp="1791649670513" level="INFO" thread="Render thread">
    <log4j:Message><![CDATA[[Indigo] Different rendering plugin detected; not applying Indigo.]]></log4j:Message>
  </log4j:Event>
  <log4j:Event logger="net.minecraft.client.Minecraft" timestamp="1791649670604" level="ERROR" thread="Download-2">
    <log4j:Message><![CDATA[Failed to fetch user properties]]></log4j:Message>
    <log4j:Throwable><![CDATA[com.mojang.authlib.exceptions.InvalidCredentialsException: Status: 401
	at knot//com.mojang.authlib.exceptions.MinecraftClientHttpException.toAuthenticationException(MinecraftClientHttpException.java:70)
	at knot//com.mojang.authlib.yggdrasil.YggdrasilUserApiService.fetchProperties(YggdrasilUserApiService.java:173)
	at knot//net.minecraft.client.Minecraft.lambda$new$1(Minecraft.java:438)
	at java.base/java.util.concurrent.CompletableFuture$AsyncSupply.run(Unknown Source)
	at java.base/java.util.concurrent.ThreadPoolExecutor.runWorker(Unknown Source)
	at java.base/java.util.concurrent.ThreadPoolExecutor$Worker.run(Unknown Source)
	at java.base/java.lang.Thread.run(Unknown Source)
Caused by: MinecraftClientHttpException[type=HTTP_ERROR, status=401, response=ErrorResponse[path=/player/attributes, error=null, errorMessage=null, details=null]]
	at knot//com.mojang.authlib.minecraft.client.MinecraftClient.buildHttpException(MinecraftClient.java:170)
	at knot//com.mojang.authlib.minecraft.client.MinecraftClient.readServiceResponse(MinecraftClient.java:147)
	at knot//com.mojang.authlib.minecraft.client.MinecraftClient.getWithEtag(MinecraftClient.java:81)
	at knot//com.mojang.authlib.minecraft.client.MinecraftClient.get(MinecraftClient.java:65)
	at knot//com.mojang.authlib.yggdrasil.YggdrasilUserApiService.fetchProperties(YggdrasilUserApiService.java:123)
	... 5 more
]]></log4j:Throwable>
  </log4j:Event>
  <log4j:Event logger="net.minecraft.server.LoggedPrintStream" timestamp="1791649670697" level="INFO" thread="Render thread">
    <log4j:Message><![CDATA[[STDOUT]: [TRender] Initializing Client...]]></log4j:Message>
  </log4j:Event>
  <log4j:Event logger="Sodium" timestamp="1791649670931" level="INFO" thread="Render thread">
    <log4j:Message><![CDATA[Setting exclusive fullscreen to true by default, as the user is not on Windows and the language cannot be guessed.]]></log4j:Message>
  </log4j:Event>
  <log4j:Event logger="net.minecraft.client.Minecraft" timestamp="1791649670950" level="INFO" thread="Render thread">
    <log4j:Message><![CDATA[Backend library: LWJGL version 3.4.1-snapshot]]></log4j:Message>
  </log4j:Event>
ATTENTION: default value of option mesa_glthread overridden by environment.
  <log4j:Event logger="ImmediatelyFast" timestamp="1791649671127" level="INFO" thread="Render thread">
    <log4j:Message><![CDATA[Initializing ImmediatelyFast 1.16.5+26.2 on llvmpipe (LLVM 20.1.2, 256 bits) (Mesa) with OpenGL 4.5 (Core Profile) Mesa 25.2.8-0ubuntu0.24.04.4]]></log4j:Message>
  </log4j:Event>
  <log4j:Event logger="net.minecraft.client.Minecraft" timestamp="1791649671128" level="INFO" thread="Render thread">
    <log4j:Message><![CDATA[Using graphics backend OpenGL, using drivers: 4.5 (Core Profile) Mesa 25.2.8-0ubuntu0.24.04.4]]></log4j:Message>
  </log4j:Event>
  <log4j:Event logger="net.minecraft.client.Minecraft" timestamp="1791649671128" level="INFO" thread="Render thread">
    <log4j:Message><![CDATA[Using graphics device: llvmpipe (LLVM 20.1.2, 256 bits) (Mesa)]]></log4j:Message>
  </log4j:Event>
  <log4j:Event logger="net.minecraft.client.Minecraft" timestamp="1791649671128" level="INFO" thread="Render thread">
    <log4j:Message><![CDATA[Using graphics device extensions: GL_ARB_multi_draw_indirect, GL_ARB_buffer_storage, GL_ARB_shader_draw_parameters, GL_ARB_base_instance, GL_KHR_debug, GL_ARB_draw_indirect, GL_ARB_clip_control, GL_ARB_vertex_attrib_binding, GL_ARB_direct_state_access, GL_EXT_texture_filter_anisotropic]]></log4j:Message>
  </log4j:Event>
  <log4j:Event logger="com.mojang.text2speech.Narrator" timestamp="1791649671631" level="ERROR" thread="Render thread">
    <log4j:Message><![CDATA[Error while loading the narrator]]></log4j:Message>
    <log4j:Throwable><![CDATA[com.mojang.text2speech.Narrator$InitializeException: Failed to load library flite
	at knot//com.mojang.text2speech.NarratorLinux$FliteLibrary.loadNative(NarratorLinux.java:82)
	at knot//com.mojang.text2speech.NarratorLinux.<init>(NarratorLinux.java:19)
	at knot//com.mojang.text2speech.Narrator.getNarrator(Narrator.java:41)
	at knot//net.minecraft.client.GameNarrator.<init>(GameNarrator.java:20)
	at knot//net.minecraft.client.Minecraft.<init>(Minecraft.java:733)
	at knot//net.minecraft.client.main.Main.main(Main.java:278)
	at net.fabricmc.loader.impl.game.minecraft.MinecraftGameProvider.launch(MinecraftGameProvider.java:517)
	at net.fabricmc.loader.impl.launch.knot.Knot.launch(Knot.java:72)
	at net.fabricmc.loader.impl.launch.knot.KnotClient.main(KnotClient.java:23)
Caused by: java.lang.UnsatisfiedLinkError: Unable to load library 'flite':
libflite.so: cannot open shared object file: No such file or directory
libflite.so: cannot open shared object file: No such file or directory
Native library (linux-x86-64/libflite.so) not found in resource path (/home/runner/work/peregrine-launcher/peregrine-launcher/out/26.2/home/data/peregrine/libraries/org/ow2/asm/asm/9.10.1/asm-9.10.1.jar:/home/runner/work/peregrine-launcher/peregrine-launcher/out/26.2/home/data/peregrine/libraries/org/ow2/asm/asm-analysis/9.10.1/asm-analysis-9.10.1.jar:/home/runner/work/peregrine-launcher/peregrine-launcher/out/26.2/home/data/peregrine/libraries/org/ow2/asm/asm-commons/9.10.1/asm-commons-9.10.1.jar:/home/runner/work/peregrine-launcher/peregrine-launcher/out/26.2/home/data/peregrine/libraries/org/ow2/asm/asm-tree/9.10.1/asm-tree-9.10.1.jar:/home/runner/work/peregrine-launcher/peregrine-launcher/out/26.2/home/data/peregrine/libraries/org/ow2/asm/asm-util/9.10.1/asm-util-9.10.1.jar:/home/runner/work/peregrine-launcher/peregrine-launcher/out/26.2/home/data/peregrine/libraries/net/fabricmc/sponge-mixin/0.17.4+mixin.0.8.7/sponge-mixin-0.17.4+mixin.0.8.7.jar:/home/runner/work/peregrine-launcher/peregrine-launcher/out/26.2/home/data/peregrine/libraries/net/fabricmc/fabric-loader/0.19.5/fabric-loader-0.19.5.jar:/home/runner/work/peregrine-launcher/peregrine-launcher/out/26.2/home/data/peregrine/libraries/at/yawk/lz4/lz4-java/1.10.1/lz4-java-1.10.1.jar:/home/runner/work/peregrine-launcher/peregrine-launcher/out/26.2/home/data/peregrine/libraries/com/azure/azure-json/1.4.0/azure-json-1.4.0.jar:/home/runner/work/peregrine-launcher/peregrine-launcher/out/26.2/home/data/peregrine/libraries/com/github/oshi/oshi-core/6.9.0/oshi-core-6.9.0.jar:/home/runner/work/peregrine-launcher/peregrine-launcher/out/26.2/home/data/peregrine/libraries/com/google/code/gson/gson/2.14.0/gson-2.14.0.jar:/home/runner/work/peregrine-launcher/peregrine-launcher/out/26.2/home/data/peregrine/libraries/com/google/guava/failureaccess/1.0.3/failureaccess-1.0.3.jar:/home/runner/work/peregrine-launcher/peregrine-launcher/out/26.2/home/data/peregrine/libraries/com/google/guava/guava/33.6.0-jre/guava-33.6.0-jre.jar:/home/runner/work/peregrine-launcher/peregrine-launcher/out/26.2/home/data/peregrine/libraries/com/ibm/icu/icu4j/78.3/icu4j-78.3.jar:/home/runner/work/peregrine-launcher/peregrine-launcher/out/26.2/home/data/peregrine/libraries/com/microsoft/azure/msal4j/1.24.1/msal4j-1.24.1.jar:/home/runner/work/peregrine-launcher/peregrine-launcher/out/26.2/home/data/peregrine/libraries/com/mojang/authlib/9.0.75/authlib-9.0.75.jar:/home/runner/work/peregrine-launcher/peregrine-launcher/out/26.2/home/data/peregrine/libraries/com/mojang/blocklist/1.0.10/blocklist-1.0.10.jar:/home/runner/work/peregrine-launcher/peregrine-launcher/out/26.2/home/data/peregrine/libraries/com/mojang/brigadier/1.3.10/brigadier-1.3.10.jar:/home/runner/work/peregrine-launcher/peregrine-launcher/out/26.2/home/data/peregrine/libraries/com/mojang/datafixerupper/10.0.21/datafixerupper-10.0.21.jar:/home/runner/work/peregrine-launcher/peregrine-launcher/out/26.2/home/data/peregrine/libraries/com/mojang/jtracy/1.0.37/jtracy-1.0.37.jar:/home/runner/work/peregrine-launcher/peregrine-launcher/out/26.2/home/data/peregrine/libraries/com/mojang/jtracy/1.0.37/jtracy-1.0.37-natives-linux.jar:/home/runner/work/peregrine-launcher/peregrine-launcher/out/26.2/home/data/peregrine/libraries/com/mojang/logging/1.7.12/logging-1.7.12.jar:/home/runner/work/peregrine-launcher/peregrine-launcher/out/26.2/home/data/peregrine/libraries/com/mojang/patchy/2.2.10/patchy-2.2.10.jar:/home/runner/work/peregrine-launcher/peregrine-launcher/out/26.2/home/data/peregrine/libraries/com/mojang/text2speech/1.19.12/text2speech-1.19.12.jar:/home/runner/work/peregrine-launcher/peregrine-launcher/out/26.2/home/data/peregrine/libraries/commons-codec/commons-codec/1.22.0/commons-codec-1.22.0.jar:/home/runner/work/peregrine-launcher/peregrine-launcher/out/26.2/home/data/peregrine/libraries/commons-io/commons-io/2.20.0/commons-io-2.20.0.jar:/home/runner/work/peregrine-launcher/peregrine-launcher/out/26.2/home/data/peregrine/libraries/io/netty/netty-buffer/4.2.15.Final/netty-buffer-4.2.15.Final.jar:/home/runner/work/peregrine-launcher/peregrine-launcher/out/26.2/home/data/peregrine/libraries/io/netty/netty-codec-base/4.2.15.Final/netty-codec-base-4.2.15.Final.jar:/home/runner/work/peregrine-launcher/peregrine-launcher/out/26.2/home/data/peregrine/libraries/io/netty/netty-codec-compression/4.2.15.Final/netty-codec-compression-4.2.15.Final.jar:/home/runner/work/peregrine-launcher/peregrine-launcher/out/26.2/home/data/peregrine/libraries/io/netty/netty-codec-http/4.2.15.Final/netty-codec-http-4.2.15.Final.jar:/home/runner/work/peregrine-launcher/peregrine-launcher/out/26.2/home/data/peregrine/libraries/io/netty/netty-common/4.2.15.Final/netty-common-4.2.15.Final.jar:/home/runner/work/peregrine-launcher/peregrine-launcher/out/26.2/home/data/peregrine/libraries/io/netty/netty-handler/4.2.15.Final/netty-handler-4.2.15.Final.jar:/home/runner/work/peregrine-launcher/peregrine-launcher/out/26.2/home/data/peregrine/libraries/io/netty/netty-resolver/4.2.15.Final/netty-resolver-4.2.15.Final.jar:/home/runner/work/peregrine-launcher/peregrine-launcher/out/26.2/home/data/peregrine/libraries/io/netty/netty-transport-classes-epoll/4.2.15.Final/netty-transport-classes-epoll-4.2.15.Final.jar:/home/runner/work/peregrine-launcher/peregrine-launcher/out/26.2/home/data/peregrine/libraries/io/netty/netty-transport-classes-kqueue/4.2.15.Final/netty-transport-classes-kqueue-4.2.15.Final.jar:/home/runner/work/peregrine-launcher/peregrine-launcher/out/26.2/home/data/peregrine/libraries/io/netty/netty-transport-native-epoll/4.2.15.Final/netty-transport-native-epoll-4.2.15.Final-linux-aarch_64.jar:/home/runner/work/peregrine-launcher/peregrine-launcher/out/26.2/home/data/peregrine/libraries/io/netty/netty-transport-native-epoll/4.2.15.Final/netty-transport-native-epoll-4.2.15.Final-linux-x86_64.jar:/home/runner/work/peregrine-launcher/peregrine-launcher/out/26.2/home/data/peregrine/libraries/io/netty/netty-transport-native-unix-common/4.2.15.Final/netty-transport-native-unix-common-4.2.15.Final.jar:/home/runner/work/peregrine-launcher/peregrine-launcher/out/26.2/home/data/peregrine/libraries/io/netty/netty-transport/4.2.15.Final/netty-transport-4.2.15.Final.jar:/home/runner/work/peregrine-launcher/peregrine-launcher/out/26.2/home/data/peregrine/libraries/it/unimi/dsi/fastutil/8.5.18/fastutil-8.5.18.jar:/home/runner/work/peregrine-launcher/peregrine-launcher/out/26.2/home/data/peregrine/libraries/net/java/dev/jna/jna-platform/5.17.0/jna-platform-5.17.0.jar:/home/runner/work/peregrine-launcher/peregrine-launcher/out/26.2/home/data/peregrine/libraries/net/java/dev/jna/jna/5.17.0/jna-5.17.0.jar:/home/runner/work/peregrine-launcher/peregrine-launcher/out/26.2/home/data/peregrine/libraries/net/sf/jopt-simple/jopt-simple/5.0.4/jopt-simple-5.0.4.jar:/home/runner/work/peregrine-launcher/peregrine-launcher/out/26.2/home/data/peregrine/libraries/org/apache/commons/commons-compress/1.28.0/commons-compress-1.28.0.jar:/home/runner/work/peregrine-launcher/peregrine-launcher/out/26.2/home/data/peregrine/libraries/org/apache/commons/commons-lang3/3.20.0/commons-lang3-3.20.0.jar:/home/runner/work/peregrine-launcher/peregrine-launcher/out/26.2/home/data/peregrine/libraries/org/apache/logging/log4j/log4j-api/2.26.0/log4j-api-2.26.0.jar:/home/runner/work/peregrine-launcher/peregrine-launcher/out/26.2/home/data/peregrine/libraries/org/apache/logging/log4j/log4j-core/2.26.0/log4j-core-2.26.0.jar:/home/runner/work/peregrine-launcher/peregrine-launcher/out/26.2/home/data/peregrine/libraries/org/apache/logging/log4j/log4j-slf4j2-impl/2.26.0/log4j-slf4j2-impl-2.26.0.jar:/home/runner/work/peregrine-launcher/peregrine-launcher/out/26.2/home/data/peregrine/libraries/org/jcraft/jorbis/0.0.17/jorbis-0.0.17.jar:/home/runner/work/peregrine-launcher/peregrine-launcher/out/26.2/home/data/peregrine/libraries/org/joml/joml/1.10.8/joml-1.10.8.jar:/home/runner/work/peregrine-launcher/peregrine-launcher/out/26.2/home/data/peregrine/libraries/org/jspecify/jspecify/1.0.0/jspecify-1.0.0.jar:/home/runner/work/peregrine-launcher/peregrine-launcher/out/26.2/home/data/peregrine/libraries/org/lwjgl/lwjgl-freetype/3.4.1/lwjgl-freetype-3.4.1.jar:/home/runner/work/peregrine-launcher/peregrine-launcher/out/26.2/home/data/peregrine/libraries/org/lwjgl/lwjgl-freetype/3.4.1/lwjgl-freetype-3.4.1-natives-linux.jar:/home/runner/work/peregrine-launcher/peregrine-launcher/out/26.2/home/data/peregrine/libraries/org/lwjgl/lwjgl-glfw/3.4.1/lwjgl-glfw-3.4.1.jar:/home/runner/work/peregrine-launcher/peregrine-launcher/out/26.2/home/data/peregrine/libraries/org/lwjgl/lwjgl-glfw/3.4.1/lwjgl-glfw-3.4.1-natives-linux.jar:/home/runner/work/peregrine-launcher/peregrine-launcher/out/26.2/home/data/peregrine/libraries/org/lwjgl/lwjgl-jemalloc/3.4.1/lwjgl-jemalloc-3.4.1.jar:/home/runner/work/peregrine-launcher/peregrine-launcher/out/26.2/home/data/peregrine/libraries/org/lwjgl/lwjgl-jemalloc/3.4.1/lwjgl-jemalloc-3.4.1-natives-linux.jar:/home/runner/work/peregrine-launcher/peregrine-launcher/out/26.2/home/data/peregrine/libraries/org/lwjgl/lwjgl-openal/3.4.1/lwjgl-openal-3.4.1.jar:/home/runner/work/peregrine-launcher/peregrine-launcher/out/26.2/home/data/peregrine/libraries/org/lwjgl/lwjgl-openal/3.4.1/lwjgl-openal-3.4.1-natives-linux.jar:/home/runner/work/peregrine-launcher/peregrine-launcher/out/26.2/home/data/peregrine/libraries/org/lwjgl/lwjgl-opengl/3.4.1/lwjgl-opengl-3.4.1.jar:/home/runner/work/peregrine-launcher/peregrine-launcher/out/26.2/home/data/peregrine/libraries/org/lwjgl/lwjgl-opengl/3.4.1/lwjgl-opengl-3.4.1-natives-linux.jar:/home/runner/work/peregrine-launcher/peregrine-launcher/out/26.2/home/data/peregrine/libraries/org/lwjgl/lwjgl-shaderc/3.4.1/lwjgl-shaderc-3.4.1.jar:/home/runner/work/peregrine-launcher/peregrine-launcher/out/26.2/home/data/peregrine/libraries/org/lwjgl/lwjgl-shaderc/3.4.1/lwjgl-shaderc-3.4.1-natives-linux.jar:/home/runner/work/peregrine-launcher/peregrine-launcher/out/26.2/home/data/peregrine/libraries/org/lwjgl/lwjgl-spvc/3.4.1/lwjgl-spvc-3.4.1.jar:/home/runner/work/peregrine-launcher/peregrine-launcher/out/26.2/home/data/peregrine/libraries/org/lwjgl/lwjgl-spvc/3.4.1/lwjgl-spvc-3.4.1-natives-linux.jar:/home/runner/work/peregrine-launcher/peregrine-launcher/out/26.2/home/data/peregrine/libraries/org/lwjgl/lwjgl-stb/3.4.1/lwjgl-stb-3.4.1.jar:/home/runner/work/peregrine-launcher/peregrine-launcher/out/26.2/home/data/peregrine/libraries/org/lwjgl/lwjgl-stb/3.4.1/lwjgl-stb-3.4.1-natives-linux.jar:/home/runner/work/peregrine-launcher/peregrine-launcher/out/26.2/home/data/peregrine/libraries/org/lwjgl/lwjgl-tinyfd/3.4.1/lwjgl-tinyfd-3.4.1.jar:/home/runner/work/peregrine-launcher/peregrine-launcher/out/26.2/home/data/peregrine/libraries/org/lwjgl/lwjgl-tinyfd/3.4.1/lwjgl-tinyfd-3.4.1-natives-linux.jar:/home/runner/work/peregrine-launcher/peregrine-launcher/out/26.2/home/data/peregrine/libraries/org/lwjgl/lwjgl-vma/3.4.1/lwjgl-vma-3.4.1.jar:/home/runner/work/peregrine-launcher/peregrine-launcher/out/26.2/home/data/peregrine/libraries/org/lwjgl/lwjgl-vma/3.4.1/lwjgl-vma-3.4.1-natives-linux.jar:/home/runner/work/peregrine-launcher/peregrine-launcher/out/26.2/home/data/peregrine/libraries/org/lwjgl/lwjgl-vulkan/3.4.1/lwjgl-vulkan-3.4.1.jar:/home/runner/work/peregrine-launcher/peregrine-launcher/out/26.2/home/data/peregrine/libraries/org/lwjgl/lwjgl/3.4.1/lwjgl-3.4.1-natives-linux.jar:/home/runner/work/peregrine-launcher/peregrine-launcher/out/26.2/home/data/peregrine/libraries/org/lwjgl/lwjgl/3.4.1/lwjgl-3.4.1-unsafe.jar:/home/runner/work/peregrine-launcher/peregrine-launcher/out/26.2/home/data/peregrine/libraries/org/slf4j/slf4j-api/2.0.17/slf4j-api-2.0.17.jar:/home/runner/work/peregrine-launcher/peregrine-launcher/out/26.2/home/data/peregrine/versions/26.2/26.2.jar)
	at knot//com.sun.jna.NativeLibrary.loadLibrary(NativeLibrary.java:325)
	at knot//com.sun.jna.NativeLibrary.getInstance(NativeLibrary.java:481)
	at knot//com.sun.jna.NativeLibrary.getInstance(NativeLibrary.java:423)
	at knot//com.mojang.text2speech.NarratorLinux$FliteLibrary.loadNative(NarratorLinux.java:80)
	... 8 more
	Suppressed: java.lang.UnsatisfiedLinkError: libflite.so: cannot open shared object file: No such file or directory
		at knot//com.sun.jna.Native.open(Native Method)
		at knot//com.sun.jna.NativeLibrary.loadLibrary(NativeLibrary.java:213)
		... 11 more
	Suppressed: java.lang.UnsatisfiedLinkError: libflite.so: cannot open shared object file: No such file or directory
		at knot//com.sun.jna.Native.open(Native Method)
		at knot//com.sun.jna.NativeLibrary.loadLibrary(NativeLibrary.java:226)
		... 11 more
	Suppressed: java.io.IOException: Native library (linux-x86-64/libflite.so) not found in resource path (/home/runner/work/peregrine-launcher/peregrine-launcher/out/26.2/home/data/peregrine/libraries/org/ow2/asm/asm/9.10.1/asm-9.10.1.jar:/home/runner/work/peregrine-launcher/peregrine-launcher/out/26.2/home/data/peregrine/libraries/org/ow2/asm/asm-analysis/9.10.1/asm-analysis-9.10.1.jar:/home/runner/work/peregrine-launcher/peregrine-launcher/out/26.2/home/data/peregrine/libraries/org/ow2/asm/asm-commons/9.10.1/asm-commons-9.10.1.jar:/home/runner/work/peregrine-launcher/peregrine-launcher/out/26.2/home/data/peregrine/libraries/org/ow2/asm/asm-tree/9.10.1/asm-tree-9.10.1.jar:/home/runner/work/peregrine-launcher/peregrine-launcher/out/26.2/home/data/peregrine/libraries/org/ow2/asm/asm-util/9.10.1/asm-util-9.10.1.jar:/home/runner/work/peregrine-launcher/peregrine-launcher/out/26.2/home/data/peregrine/libraries/net/fabricmc/sponge-mixin/0.17.4+mixin.0.8.7/sponge-mixin-0.17.4+mixin.0.8.7.jar:/home/runner/work/peregrine-launcher/peregrine-launcher/out/26.2/home/data/peregrine/libraries/net/fabricmc/fabric-loader/0.19.5/fabric-loader-0.19.5.jar:/home/runner/work/peregrine-launcher/peregrine-launcher/out/26.2/home/data/peregrine/libraries/at/yawk/lz4/lz4-java/1.10.1/lz4-java-1.10.1.jar:/home/runner/work/peregrine-launcher/peregrine-launcher/out/26.2/home/data/peregrine/libraries/com/azure/azure-json/1.4.0/azure-json-1.4.0.jar:/home/runner/work/peregrine-launcher/peregrine-launcher/out/26.2/home/data/peregrine/libraries/com/github/oshi/oshi-core/6.9.0/oshi-core-6.9.0.jar:/home/runner/work/peregrine-launcher/peregrine-launcher/out/26.2/home/data/peregrine/libraries/com/google/code/gson/gson/2.14.0/gson-2.14.0.jar:/home/runner/work/peregrine-launcher/peregrine-launcher/out/26.2/home/data/peregrine/libraries/com/google/guava/failureaccess/1.0.3/failureaccess-1.0.3.jar:/home/runner/work/peregrine-launcher/peregrine-launcher/out/26.2/home/data/peregrine/libraries/com/google/guava/guava/33.6.0-jre/guava-33.6.0-jre.jar:/home/runner/work/peregrine-launcher/peregrine-launcher/out/26.2/home/data/peregrine/libraries/com/ibm/icu/icu4j/78.3/icu4j-78.3.jar:/home/runner/work/peregrine-launcher/peregrine-launcher/out/26.2/home/data/peregrine/libraries/com/microsoft/azure/msal4j/1.24.1/msal4j-1.24.1.jar:/home/runner/work/peregrine-launcher/peregrine-launcher/out/26.2/home/data/peregrine/libraries/com/mojang/authlib/9.0.75/authlib-9.0.75.jar:/home/runner/work/peregrine-launcher/peregrine-launcher/out/26.2/home/data/peregrine/libraries/com/mojang/blocklist/1.0.10/blocklist-1.0.10.jar:/home/runner/work/peregrine-launcher/peregrine-launcher/out/26.2/home/data/peregrine/libraries/com/mojang/brigadier/1.3.10/brigadier-1.3.10.jar:/home/runner/work/peregrine-launcher/peregrine-launcher/out/26.2/home/data/peregrine/libraries/com/mojang/datafixerupper/10.0.21/datafixerupper-10.0.21.jar:/home/runner/work/peregrine-launcher/peregrine-launcher/out/26.2/home/data/peregrine/libraries/com/mojang/jtracy/1.0.37/jtracy-1.0.37.jar:/home/runner/work/peregrine-launcher/peregrine-launcher/out/26.2/home/data/peregrine/libraries/com/mojang/jtracy/1.0.37/jtracy-1.0.37-natives-linux.jar:/home/runner/work/peregrine-launcher/peregrine-launcher/out/26.2/home/data/peregrine/libraries/com/mojang/logging/1.7.12/logging-1.7.12.jar:/home/runner/work/peregrine-launcher/peregrine-launcher/out/26.2/home/data/peregrine/libraries/com/mojang/patchy/2.2.10/patchy-2.2.10.jar:/home/runner/work/peregrine-launcher/peregrine-launcher/out/26.2/home/data/peregrine/libraries/com/mojang/text2speech/1.19.12/text2speech-1.19.12.jar:/home/runner/work/peregrine-launcher/peregrine-launcher/out/26.2/home/data/peregrine/libraries/commons-codec/commons-codec/1.22.0/commons-codec-1.22.0.jar:/home/runner/work/peregrine-launcher/peregrine-launcher/out/26.2/home/data/peregrine/libraries/commons-io/commons-io/2.20.0/commons-io-2.20.0.jar:/home/runner/work/peregrine-launcher/peregrine-launcher/out/26.2/home/data/peregrine/libraries/io/netty/netty-buffer/4.2.15.Final/netty-buffer-4.2.15.Final.jar:/home/runner/work/peregrine-launcher/peregrine-launcher/out/26.2/home/data/peregrine/libraries/io/netty/netty-codec-base/4.2.15.Final/netty-codec-base-4.2.15.Final.jar:/home/runner/work/peregrine-launcher/peregrine-launcher/out/26.2/home/data/peregrine/libraries/io/netty/netty-codec-compression/4.2.15.Final/netty-codec-compression-4.2.15.Final.jar:/home/runner/work/peregrine-launcher/peregrine-launcher/out/26.2/home/data/peregrine/libraries/io/netty/netty-codec-http/4.2.15.Final/netty-codec-http-4.2.15.Final.jar:/home/runner/work/peregrine-launcher/peregrine-launcher/out/26.2/home/data/peregrine/libraries/io/netty/netty-common/4.2.15.Final/netty-common-4.2.15.Final.jar:/home/runner/work/peregrine-launcher/peregrine-launcher/out/26.2/home/data/peregrine/libraries/io/netty/netty-handler/4.2.15.Final/netty-handler-4.2.15.Final.jar:/home/runner/work/peregrine-launcher/peregrine-launcher/out/26.2/home/data/peregrine/libraries/io/netty/netty-resolver/4.2.15.Final/netty-resolver-4.2.15.Final.jar:/home/runner/work/peregrine-launcher/peregrine-launcher/out/26.2/home/data/peregrine/libraries/io/netty/netty-transport-classes-epoll/4.2.15.Final/netty-transport-classes-epoll-4.2.15.Final.jar:/home/runner/work/peregrine-launcher/peregrine-launcher/out/26.2/home/data/peregrine/libraries/io/netty/netty-transport-classes-kqueue/4.2.15.Final/netty-transport-classes-kqueue-4.2.15.Final.jar:/home/runner/work/peregrine-launcher/peregrine-launcher/out/26.2/home/data/peregrine/libraries/io/netty/netty-transport-native-epoll/4.2.15.Final/netty-transport-native-epoll-4.2.15.Final-linux-aarch_64.jar:/home/runner/work/peregrine-launcher/peregrine-launcher/out/26.2/home/data/peregrine/libraries/io/netty/netty-transport-native-epoll/4.2.15.Final/netty-transport-native-epoll-4.2.15.Final-linux-x86_64.jar:/home/runner/work/peregrine-launcher/peregrine-launcher/out/26.2/home/data/peregrine/libraries/io/netty/netty-transport-native-unix-common/4.2.15.Final/netty-transport-native-unix-common-4.2.15.Final.jar:/home/runner/work/peregrine-launcher/peregrine-launcher/out/26.2/home/data/peregrine/libraries/io/netty/netty-transport/4.2.15.Final/netty-transport-4.2.15.Final.jar:/home/runner/work/peregrine-launcher/peregrine-launcher/out/26.2/home/data/peregrine/libraries/it/unimi/dsi/fastutil/8.5.18/fastutil-8.5.18.jar:/home/runner/work/peregrine-launcher/peregrine-launcher/out/26.2/home/data/peregrine/libraries/net/java/dev/jna/jna-platform/5.17.0/jna-platform-5.17.0.jar:/home/runner/work/peregrine-launcher/peregrine-launcher/out/26.2/home/data/peregrine/libraries/net/java/dev/jna/jna/5.17.0/jna-5.17.0.jar:/home/runner/work/peregrine-launcher/peregrine-launcher/out/26.2/home/data/peregrine/libraries/net/sf/jopt-simple/jopt-simple/5.0.4/jopt-simple-5.0.4.jar:/home/runner/work/peregrine-launcher/peregrine-launcher/out/26.2/home/data/peregrine/libraries/org/apache/commons/commons-compress/1.28.0/commons-compress-1.28.0.jar:/home/runner/work/peregrine-launcher/peregrine-launcher/out/26.2/home/data/peregrine/libraries/org/apache/commons/commons-lang3/3.20.0/commons-lang3-3.20.0.jar:/home/runner/work/peregrine-launcher/peregrine-launcher/out/26.2/home/data/peregrine/libraries/org/apache/logging/log4j/log4j-api/2.26.0/log4j-api-2.26.0.jar:/home/runner/work/peregrine-launcher/peregrine-launcher/out/26.2/home/data/peregrine/libraries/org/apache/logging/log4j/log4j-core/2.26.0/log4j-core-2.26.0.jar:/home/runner/work/peregrine-launcher/peregrine-launcher/out/26.2/home/data/peregrine/libraries/org/apache/logging/log4j/log4j-slf4j2-impl/2.26.0/log4j-slf4j2-impl-2.26.0.jar:/home/runner/work/peregrine-launcher/peregrine-launcher/out/26.2/home/data/peregrine/libraries/org/jcraft/jorbis/0.0.17/jorbis-0.0.17.jar:/home/runner/work/peregrine-launcher/peregrine-launcher/out/26.2/home/data/peregrine/libraries/org/joml/joml/1.10.8/joml-1.10.8.jar:/home/runner/work/peregrine-launcher/peregrine-launcher/out/26.2/home/data/peregrine/libraries/org/jspecify/jspecify/1.0.0/jspecify-1.0.0.jar:/home/runner/work/peregrine-launcher/peregrine-launcher/out/26.2/home/data/peregrine/libraries/org/lwjgl/lwjgl-freetype/3.4.1/lwjgl-freetype-3.4.1.jar:/home/runner/work/peregrine-launcher/peregrine-launcher/out/26.2/home/data/peregrine/libraries/org/lwjgl/lwjgl-freetype/3.4.1/lwjgl-freetype-3.4.1-natives-linux.jar:/home/runner/work/peregrine-launcher/peregrine-launcher/out/26.2/home/data/peregrine/libraries/org/lwjgl/lwjgl-glfw/3.4.1/lwjgl-glfw-3.4.1.jar:/home/runner/work/peregrine-launcher/peregrine-launcher/out/26.2/home/data/peregrine/libraries/org/lwjgl/lwjgl-glfw/3.4.1/lwjgl-glfw-3.4.1-natives-linux.jar:/home/runner/work/peregrine-launcher/peregrine-launcher/out/26.2/home/data/peregrine/libraries/org/lwjgl/lwjgl-jemalloc/3.4.1/lwjgl-jemalloc-3.4.1.jar:/home/runner/work/peregrine-launcher/peregrine-launcher/out/26.2/home/data/peregrine/libraries/org/lwjgl/lwjgl-jemalloc/3.4.1/lwjgl-jemalloc-3.4.1-natives-linux.jar:/home/runner/work/peregrine-launcher/peregrine-launcher/out/26.2/home/data/peregrine/libraries/org/lwjgl/lwjgl-openal/3.4.1/lwjgl-openal-3.4.1.jar:/home/runner/work/peregrine-launcher/peregrine-launcher/out/26.2/home/data/peregrine/libraries/org/lwjgl/lwjgl-openal/3.4.1/lwjgl-openal-3.4.1-natives-linux.jar:/home/runner/work/peregrine-launcher/peregrine-launcher/out/26.2/home/data/peregrine/libraries/org/lwjgl/lwjgl-opengl/3.4.1/lwjgl-opengl-3.4.1.jar:/home/runner/work/peregrine-launcher/peregrine-launcher/out/26.2/home/data/peregrine/libraries/org/lwjgl/lwjgl-opengl/3.4.1/lwjgl-opengl-3.4.1-natives-linux.jar:/home/runner/work/peregrine-launcher/peregrine-launcher/out/26.2/home/data/peregrine/libraries/org/lwjgl/lwjgl-shaderc/3.4.1/lwjgl-shaderc-3.4.1.jar:/home/runner/work/peregrine-launcher/peregrine-launcher/out/26.2/home/data/peregrine/libraries/org/lwjgl/lwjgl-shaderc/3.4.1/lwjgl-shaderc-3.4.1-natives-linux.jar:/home/runner/work/peregrine-launcher/peregrine-launcher/out/26.2/home/data/peregrine/libraries/org/lwjgl/lwjgl-spvc/3.4.1/lwjgl-spvc-3.4.1.jar:/home/runner/work/peregrine-launcher/peregrine-launcher/out/26.2/home/data/peregrine/libraries/org/lwjgl/lwjgl-spvc/3.4.1/lwjgl-spvc-3.4.1-natives-linux.jar:/home/runner/work/peregrine-launcher/peregrine-launcher/out/26.2/home/data/peregrine/libraries/org/lwjgl/lwjgl-stb/3.4.1/lwjgl-stb-3.4.1.jar:/home/runner/work/peregrine-launcher/peregrine-launcher/out/26.2/home/data/peregrine/libraries/org/lwjgl/lwjgl-stb/3.4.1/lwjgl-stb-3.4.1-natives-linux.jar:/home/runner/work/peregrine-launcher/peregrine-launcher/out/26.2/home/data/peregrine/libraries/org/lwjgl/lwjgl-tinyfd/3.4.1/lwjgl-tinyfd-3.4.1.jar:/home/runner/work/peregrine-launcher/peregrine-launcher/out/26.2/home/data/peregrine/libraries/org/lwjgl/lwjgl-tinyfd/3.4.1/lwjgl-tinyfd-3.4.1-natives-linux.jar:/home/runner/work/peregrine-launcher/peregrine-launcher/out/26.2/home/data/peregrine/libraries/org/lwjgl/lwjgl-vma/3.4.1/lwjgl-vma-3.4.1.jar:/home/runner/work/peregrine-launcher/peregrine-launcher/out/26.2/home/data/peregrine/libraries/org/lwjgl/lwjgl-vma/3.4.1/lwjgl-vma-3.4.1-natives-linux.jar:/home/runner/work/peregrine-launcher/peregrine-launcher/out/26.2/home/data/peregrine/libraries/org/lwjgl/lwjgl-vulkan/3.4.1/lwjgl-vulkan-3.4.1.jar:/home/runner/work/peregrine-launcher/peregrine-launcher/out/26.2/home/data/peregrine/libraries/org/lwjgl/lwjgl/3.4.1/lwjgl-3.4.1-natives-linux.jar:/home/runner/work/peregrine-launcher/peregrine-launcher/out/26.2/home/data/peregrine/libraries/org/lwjgl/lwjgl/3.4.1/lwjgl-3.4.1-unsafe.jar:/home/runner/work/peregrine-launcher/peregrine-launcher/out/26.2/home/data/peregrine/libraries/org/slf4j/slf4j-api/2.0.17/slf4j-api-2.0.17.jar:/home/runner/work/peregrine-launcher/peregrine-launcher/out/26.2/home/data/peregrine/versions/26.2/26.2.jar)
		at knot//com.sun.jna.Native.extractFromResourcePath(Native.java:1141)
		at knot//com.sun.jna.NativeLibrary.loadLibrary(NativeLibrary.java:297)
		... 11 more
]]></log4j:Throwable>
  </log4j:Event>
  <log4j:Event logger="net.minecraft.server.packs.resources.ReloadableResourceManager" timestamp="1791649671664" level="INFO" thread="Render thread">
    <log4j:Message><![CDATA[Reloading ResourceManager: vanilla, badoptimizations, cloth-config, conditional-mixin, dynamic_fps, dynamic_fps_common, entityculling, fabric-advancement-api-v1, fabric-api, fabric-api-base, fabric-api-lookup-api-v1, fabric-biome-api-v1, fabric-block-api-v1, fabric-block-getter-api-v2, fabric-command-api-v2, fabric-content-registries-v0, fabric-convention-tags-v2, fabric-crash-report-info-v1, fabric-creative-tab-api-v1, fabric-data-attachment-api-v1, fabric-data-generation-api-v1, fabric-debug-api-v1, fabric-dimensions-v1, fabric-entity-events-v1, fabric-events-interaction-v0, fabric-game-rule-api-v1, fabric-item-api-v1, fabric-key-mapping-api-v1, fabric-lifecycle-events-v1, fabric-loot-api-v3, fabric-menu-api-v1, fabric-message-api-v1, fabric-model-loading-api-v1, fabric-networking-api-v1, fabric-object-builder-api-v1, fabric-particles-v1, fabric-permission-api-v1, fabric-recipe-api-v1, fabric-registry-sync-v0, fabric-renderer-api-v1, fabric-renderer-indigo, fabric-rendering-fluids-v1, fabric-rendering-v1, fabric-resource-conditions-api-v1, fabric-resource-loader-v0, fabric-resource-loader-v1, fabric-screen-api-v1, fabric-serialization-api-v1, fabric-sound-api-v1, fabric-tag-api-v1, fabric-transfer-api-v1, fabric-transitive-access-wideners-v1, fabricloader, immediatelyfast, lithium, moreculling, peregrine-client, scalablelux, sodium, trender, file/PeregrineTest]]></log4j:Message>
  </log4j:Event>
  <log4j:Event logger="com.mojang.realmsclient.client.RealmsClient" timestamp="1791649671678" level="INFO" thread="Download-2">
    <log4j:Message><![CDATA[Could not authorize you against Realms server: java.lang.RuntimeException: Failed to parse into SignedJWT: 0]]></log4j:Message>
  </log4j:Event>
  <log4j:Event logger="com.mojang.realmsclient.client.RealmsClient" timestamp="1791649671678" level="ERROR" thread="Download-2">
    <log4j:Message><![CDATA[Failed to fetch Realms feature flags]]></log4j:Message>
    <log4j:Throwable><![CDATA[com.mojang.realmsclient.exception.RealmsServiceException: Realms authentication error with message 'java.lang.RuntimeException: Failed to parse into SignedJWT: 0'
	at knot//com.mojang.realmsclient.client.RealmsClient.execute(RealmsClient.java:528)
	at knot//com.mojang.realmsclient.client.RealmsClient.fetchFeatureFlags(RealmsClient.java:187)
	at java.base/java.util.concurrent.CompletableFuture$AsyncSupply.run(Unknown Source)
	at java.base/java.util.concurrent.ThreadPoolExecutor.runWorker(Unknown Source)
	at java.base/java.util.concurrent.ThreadPoolExecutor$Worker.run(Unknown Source)
	at java.base/java.lang.Thread.run(Unknown Source)
]]></log4j:Throwable>
  </log4j:Event>
  <log4j:Event logger="dynamic_fps" timestamp="1791649671745" level="WARN" thread="Render thread">
    <log4j:Message><![CDATA[Dynamic FPS config missing or corrupted! Using defaults.]]></log4j:Message>
  </log4j:Event>
  <log4j:Event logger="moreculling" timestamp="1791649671768" level="INFO" thread="Render thread">
    <log4j:Message><![CDATA[Cached all modded block culling states]]></log4j:Message>
  </log4j:Event>
  <log4j:Event logger="net.minecraft.server.LoggedPrintStream" timestamp="1791649671932" level="INFO" thread="Render thread">
    <log4j:Message><![CDATA[[STDOUT]: [Peregrine self-test] INFO phase world on Minecraft 26.2]]></log4j:Message>
  </log4j:Event>
  <log4j:Event logger="Sodium-GlSurface" timestamp="1791649672082" level="INFO" thread="Render thread">
    <log4j:Message><![CDATA[Thread[#3,Render thread,5,main]]]></log4j:Message>
  </log4j:Event>
  <log4j:Event logger="Sodium-GlSurface" timestamp="1791649672083" level="INFO" thread="Render thread">
    <log4j:Message><![CDATA[OpenGL Vendor: Mesa]]></log4j:Message>
  </log4j:Event>
  <log4j:Event logger="Sodium-GlSurface" timestamp="1791649672083" level="INFO" thread="Render thread">
    <log4j:Message><![CDATA[OpenGL Renderer: llvmpipe (LLVM 20.1.2, 256 bits)]]></log4j:Message>
  </log4j:Event>
  <log4j:Event logger="Sodium-GlSurface" timestamp="1791649672084" level="INFO" thread="Render thread">
    <log4j:Message><![CDATA[OpenGL Version: 4.5 (Core Profile) Mesa 25.2.8-0ubuntu0.24.04.4]]></log4j:Message>
  </log4j:Event>
  <log4j:Event logger="net.minecraft.client.gui.font.providers.UnihexProvider" timestamp="1791649672441" level="INFO" thread="Worker-Main-1">
    <log4j:Message><![CDATA[Found unifont_pua-17.0.01.hex, loading]]></log4j:Message>
  </log4j:Event>
  <log4j:Event logger="net.minecraft.client.gui.font.providers.UnihexProvider" timestamp="1791649672441" level="INFO" thread="Worker-Main-2">
    <log4j:Message><![CDATA[Found unifont_all_no_pua-17.0.01.hex, loading]]></log4j:Message>
  </log4j:Event>
  <log4j:Event logger="net.minecraft.client.gui.font.providers.UnihexProvider" timestamp="1791649672890" level="INFO" thread="Worker-Main-2">
    <log4j:Message><![CDATA[Found unifont_jp_patch-17.0.01.hex, loading]]></log4j:Message>
  </log4j:Event>
ALSA lib confmisc.c:855:(parse_card) cannot find card '0'
ALSA lib conf.c:5208:(_snd_config_evaluate) function snd_func_card_inum returned error: No such file or directory
ALSA lib confmisc.c:422:(snd_func_concat) error evaluating strings
ALSA lib conf.c:5208:(_snd_config_evaluate) function snd_func_concat returned error: No such file or directory
ALSA lib confmisc.c:1342:(snd_func_refer) error evaluating name
ALSA lib conf.c:5208:(_snd_config_evaluate) function snd_func_refer returned error: No such file or directory
ALSA lib conf.c:5731:(snd_config_expand) Evaluate error: No such file or directory
ALSA lib pcm.c:2721:(snd_pcm_open_noupdate) Unknown PCM default
ALSA lib confmisc.c:855:(parse_card) cannot find card '0'
ALSA lib conf.c:5208:(_snd_config_evaluate) function snd_func_card_inum returned error: No such file or directory
ALSA lib confmisc.c:422:(snd_func_concat) error evaluating strings
ALSA lib conf.c:5208:(_snd_config_evaluate) function snd_func_concat returned error: No such file or directory
ALSA lib confmisc.c:1342:(snd_func_refer) error evaluating name
ALSA lib conf.c:5208:(_snd_config_evaluate) function snd_func_refer returned error: No such file or directory
ALSA lib conf.c:5731:(snd_config_expand) Evaluate error: No such file or directory
ALSA lib pcm.c:2721:(snd_pcm_open_noupdate) Unknown PCM default
  <log4j:Event logger="net.minecraft.client.sounds.SoundEngine" timestamp="1791649674700" level="ERROR" thread="Render thread">
    <log4j:Message><![CDATA[Error starting SoundSystem. Turning off sounds & music]]></log4j:Message>
    <log4j:Throwable><![CDATA[java.lang.IllegalStateException: Failed to open OpenAL device
	at knot//com.mojang.blaze3d.audio.Library.openDeviceOrFallback(Library.java:275)
	at knot//com.mojang.blaze3d.audio.Library.init(Library.java:150)
	at knot//net.minecraft.client.sounds.SoundEngine.loadLibrary(SoundEngine.java:120)
	at knot//net.minecraft.client.sounds.SoundEngine.reload(SoundEngine.java:109)
	at knot//net.minecraft.client.sounds.SoundManager.apply(SoundManager.java:122)
	at knot//net.minecraft.client.sounds.SoundManager.apply(SoundManager.java:41)
	at knot//net.minecraft.server.packs.resources.SimplePreparableReloadListener.lambda$reload$1(SimplePreparableReloadListener.java:15)
	at java.base/java.util.concurrent.CompletableFuture$UniAccept.tryFire(Unknown Source)
	at java.base/java.util.concurrent.CompletableFuture$Completion.run(Unknown Source)
	at knot//net.minecraft.server.packs.resources.SimpleReloadInstance.lambda$prepareTasks$3(SimpleReloadInstance.java:59)
	at knot//net.minecraft.util.thread.BlockableEventLoop.doRunTask(BlockableEventLoop.java:173)
	at knot//net.minecraft.util.thread.ReentrantBlockableEventLoop.doRunTask(ReentrantBlockableEventLoop.java:23)
	at knot//net.minecraft.util.thread.BlockableEventLoop.pollTask(BlockableEventLoop.java:147)
	at knot//net.minecraft.util.thread.BlockableEventLoop.runAllTasks(BlockableEventLoop.java:127)
	at knot//net.minecraft.client.Minecraft.runTick(Minecraft.java:1235)
	at knot//net.minecraft.client.Minecraft.run(Minecraft.java:959)
	at knot//net.minecraft.client.main.Main.main(Main.java:292)
	at net.fabricmc.loader.impl.game.minecraft.MinecraftGameProvider.launch(MinecraftGameProvider.java:517)
	at net.fabricmc.loader.impl.launch.knot.Knot.launch(Knot.java:72)
	at net.fabricmc.loader.impl.launch.knot.KnotClient.main(KnotClient.java:23)
]]></log4j:Throwable>
  </log4j:Event>
  <log4j:Event logger="net.minecraft.client.renderer.texture.TextureAtlas" timestamp="1791649674701" level="INFO" thread="Render thread">
    <log4j:Message><![CDATA[Created: 512x256x0 minecraft:textures/atlas/particles.png-atlas]]></log4j:Message>
  </log4j:Event>
  <log4j:Event logger="net.minecraft.client.renderer.texture.TextureAtlas" timestamp="1791649674737" level="INFO" thread="Render thread">
    <log4j:Message><![CDATA[Created: 128x128x0 minecraft:textures/atlas/decorated_pot.png-atlas]]></log4j:Message>
  </log4j:Event>
  <log4j:Event logger="net.minecraft.client.renderer.texture.TextureAtlas" timestamp="1791649674738" level="INFO" thread="Render thread">
    <log4j:Message><![CDATA[Created: 2048x1024x0 minecraft:textures/atlas/armor_trims.png-atlas]]></log4j:Message>
  </log4j:Event>
  <log4j:Event logger="net.minecraft.client.renderer.texture.TextureAtlas" timestamp="1791649674767" level="INFO" thread="Render thread">
    <log4j:Message><![CDATA[Created: 512x256x0 minecraft:textures/atlas/paintings.png-atlas]]></log4j:Message>
  </log4j:Event>
  <log4j:Event logger="net.minecraft.client.renderer.texture.TextureAtlas" timestamp="1791649674770" level="INFO" thread="Render thread">
    <log4j:Message><![CDATA[Created: 1024x512x0 minecraft:textures/atlas/shield_patterns.png-atlas]]></log4j:Message>
  </log4j:Event>
  <log4j:Event logger="net.minecraft.client.renderer.texture.TextureAtlas" timestamp="1791649674774" level="INFO" thread="Render thread">
    <log4j:Message><![CDATA[Created: 2048x2048x4 minecraft:textures/atlas/blocks.png-atlas]]></log4j:Message>
  </log4j:Event>
  <log4j:Event logger="net.minecraft.client.renderer.texture.TextureAtlas" timestamp="1791649674952" level="INFO" thread="Render thread">
    <log4j:Message><![CDATA[Created: 512x512x0 minecraft:textures/atlas/chest.png-atlas]]></log4j:Message>
  </log4j:Event>
  <log4j:Event logger="net.minecraft.client.renderer.texture.TextureAtlas" timestamp="1791649674953" level="INFO" thread="Render thread">
    <log4j:Message><![CDATA[Created: 256x128x0 minecraft:textures/atlas/celestials.png-atlas]]></log4j:Message>
  </log4j:Event>
  <log4j:Event logger="net.minecraft.client.renderer.texture.TextureAtlas" timestamp="1791649674954" level="INFO" thread="Render thread">
    <log4j:Message><![CDATA[Created: 1024x512x0 minecraft:textures/atlas/banner_patterns.png-atlas]]></log4j:Message>
  </log4j:Event>
  <log4j:Event logger="net.minecraft.client.renderer.texture.TextureAtlas" timestamp="1791649674955" level="INFO" thread="Render thread">
    <log4j:Message><![CDATA[Created: 1024x512x0 minecraft:textures/atlas/items.png-atlas]]></log4j:Message>
  </log4j:Event>
  <log4j:Event logger="net.minecraft.client.renderer.texture.TextureAtlas" timestamp="1791649674971" level="INFO" thread="Render thread">
    <log4j:Message><![CDATA[Created: 1024x1024x0 minecraft:textures/atlas/gui.png-atlas]]></log4j:Message>
  </log4j:Event>
  <log4j:Event logger="net.minecraft.client.renderer.texture.TextureAtlas" timestamp="1791649674983" level="INFO" thread="Render thread">
    <log4j:Message><![CDATA[Created: 128x64x0 minecraft:textures/atlas/map_decorations.png-atlas]]></log4j:Message>
  </log4j:Event>
  <log4j:Event logger="net.minecraft.client.renderer.texture.TextureAtlas" timestamp="1791649674985" level="INFO" thread="Render thread">
    <log4j:Message><![CDATA[Created: 512x512x0 minecraft:textures/atlas/shulker_boxes.png-atlas]]></log4j:Message>
  </log4j:Event>
  <log4j:Event logger="moreculling" timestamp="1791649675399" level="INFO" thread="Render thread">
    <log4j:Message><![CDATA[32370 cache(s) were cleared!]]></log4j:Message>
  </log4j:Event>
  <log4j:Event logger="net.minecraft.server.MinecraftServer" timestamp="1791649675533" level="INFO" thread="Render thread">
    <log4j:Message><![CDATA[Found new data pack fabric-convention-tags-v2, loading it automatically]]></log4j:Message>
  </log4j:Event>
  <log4j:Event logger="net.minecraft.world.item.crafting.RecipeManager" timestamp="1791649676945" level="INFO" thread="Render thread">
    <log4j:Message><![CDATA[Loaded 1585 recipes]]></log4j:Message>
  </log4j:Event>
  <log4j:Event logger="net.minecraft.advancements.AdvancementTree" timestamp="1791649676982" level="INFO" thread="Render thread">
    <log4j:Message><![CDATA[Loaded 1688 advancements]]></log4j:Message>
  </log4j:Event>
  <log4j:Event logger="net.fabricmc.fabric.impl.biome.modification.BiomeModificationImpl" timestamp="1791649677305" level="INFO" thread="Render thread">
    <log4j:Message><![CDATA[Applied 0 biome modifications to 0 of 66 new biomes in 4.140 ms]]></log4j:Message>
  </log4j:Event>
  <log4j:Event logger="net.minecraft.client.server.IntegratedServer" timestamp="1791649677327" level="INFO" thread="Server thread">
    <log4j:Message><![CDATA[Starting integrated minecraft server version 26.2]]></log4j:Message>
  </log4j:Event>
  <log4j:Event logger="net.minecraft.server.MinecraftServer" timestamp="1791649677327" level="INFO" thread="Server thread">
    <log4j:Message><![CDATA[Generating keypair]]></log4j:Message>
  </log4j:Event>
  <log4j:Event logger="net.minecraft.server.LoggedPrintStream" timestamp="1791649677837" level="INFO" thread="Server thread">
    <log4j:Message><![CDATA[[STDOUT]: [ScalableLux] Lighting scaling is disabled (due to low parallelism in the settings)]]></log4j:Message>
  </log4j:Event>
  <log4j:Event logger="net.minecraft.server.level.progress.LoggingLevelLoadListener" timestamp="1791649678064" level="INFO" thread="Server thread">
    <log4j:Message><![CDATA[Loading 0 persistent chunks...]]></log4j:Message>
  </log4j:Event>
  <log4j:Event logger="net.minecraft.server.MinecraftServer" timestamp="1791649678076" level="INFO" thread="Server thread">
    <log4j:Message><![CDATA[Saving chunks for level 'ServerLevel[world]'/minecraft:overworld]]></log4j:Message>
  </log4j:Event>
  <log4j:Event logger="net.minecraft.server.MinecraftServer" timestamp="1791649678107" level="INFO" thread="Server thread">
    <log4j:Message><![CDATA[Saving chunks for level 'ServerLevel[world]'/minecraft:the_end]]></log4j:Message>
  </log4j:Event>
  <log4j:Event logger="net.minecraft.server.MinecraftServer" timestamp="1791649678114" level="INFO" thread="Server thread">
    <log4j:Message><![CDATA[Saving chunks for level 'ServerLevel[world]'/minecraft:the_nether]]></log4j:Message>
  </log4j:Event>
  <log4j:Event logger="net.minecraft.server.MinecraftServer" timestamp="1791649678154" level="INFO" thread="Server thread">
    <log4j:Message><![CDATA[ThreadedAnvilChunkStorage (world): All chunks are saved]]></log4j:Message>
  </log4j:Event>
  <log4j:Event logger="net.minecraft.server.MinecraftServer" timestamp="1791649678155" level="INFO" thread="Server thread">
    <log4j:Message><![CDATA[ThreadedAnvilChunkStorage (DIM1): All chunks are saved]]></log4j:Message>
  </log4j:Event>
  <log4j:Event logger="net.minecraft.server.MinecraftServer" timestamp="1791649678155" level="INFO" thread="Server thread">
    <log4j:Message><![CDATA[ThreadedAnvilChunkStorage (DIM-1): All chunks are saved]]></log4j:Message>
  </log4j:Event>
  <log4j:Event logger="net.minecraft.server.MinecraftServer" timestamp="1791649678155" level="INFO" thread="Server thread">
    <log4j:Message><![CDATA[ThreadedAnvilChunkStorage: All dimensions are saved]]></log4j:Message>
  </log4j:Event>
  <log4j:Event logger="net.minecraft.server.level.progress.LoggingLevelLoadListener" timestamp="1791649685773" level="INFO" thread="Server thread">
    <log4j:Message><![CDATA[Loading 48 chunks for player spawn...]]></log4j:Message>
  </log4j:Event>
  <log4j:Event logger="net.minecraft.server.level.progress.LoggingLevelLoadListener" timestamp="1791649685789" level="INFO" thread="Server thread">
    <log4j:Message><![CDATA[Preparing spawn area: 16%]]></log4j:Message>
  </log4j:Event>
  <log4j:Event logger="net.minecraft.server.level.progress.LoggingLevelLoadListener" timestamp="1791649685840" level="INFO" thread="Server thread">
    <log4j:Message><![CDATA[Preparing spawn area: 18%]]></log4j:Message>
  </log4j:Event>
  <log4j:Event logger="net.minecraft.server.level.progress.LoggingLevelLoadListener" timestamp="1791649685844" level="INFO" thread="Server thread">
    <log4j:Message><![CDATA[Preparing spawn area: 18%]]></log4j:Message>
  </log4j:Event>
  <log4j:Event logger="net.minecraft.server.level.progress.LoggingLevelLoadListener" timestamp="1791649685856" level="INFO" thread="Server thread">
    <log4j:Message><![CDATA[Preparing spawn area: 18%]]></log4j:Message>
  </log4j:Event>
  <log4j:Event logger="net.minecraft.server.level.progress.LoggingLevelLoadListener" timestamp="1791649685907" level="INFO" thread="Server thread">
    <log4j:Message><![CDATA[Preparing spawn area: 18%]]></log4j:Message>
  </log4j:Event>
  <log4j:Event logger="net.minecraft.server.level.progress.LoggingLevelLoadListener" timestamp="1791649685960" level="INFO" thread="Server thread">
    <log4j:Message><![CDATA[Preparing spawn area: 18%]]></log4j:Message>
  </log4j:Event>
  <log4j:Event logger="net.minecraft.server.level.progress.LoggingLevelLoadListener" timestamp="1791649686006" level="INFO" thread="Server thread">
    <log4j:Message><![CDATA[Preparing spawn area: 18%]]></log4j:Message>
  </log4j:Event>
  <log4j:Event logger="net.minecraft.server.level.progress.LoggingLevelLoadListener" timestamp="1791649686056" level="INFO" thread="Server thread">
    <log4j:Message><![CDATA[Preparing spawn area: 18%]]></log4j:Message>
  </log4j:Event>
  <log4j:Event logger="net.minecraft.server.level.progress.LoggingLevelLoadListener" timestamp="1791649686106" level="INFO" thread="Server thread">
    <log4j:Message><![CDATA[Preparing spawn area: 18%]]></log4j:Message>
  </log4j:Event>
  <log4j:Event logger="net.minecraft.server.level.progress.LoggingLevelLoadListener" timestamp="1791649686156" level="INFO" thread="Server thread">
    <log4j:Message><![CDATA[Preparing spawn area: 18%]]></log4j:Message>
  </log4j:Event>
  <log4j:Event logger="net.minecraft.server.level.progress.LoggingLevelLoadListener" timestamp="1791649686206" level="INFO" thread="Server thread">
    <log4j:Message><![CDATA[Preparing spawn area: 18%]]></log4j:Message>
  </log4j:Event>
  <log4j:Event logger="net.minecraft.server.level.progress.LoggingLevelLoadListener" timestamp="1791649686258" level="INFO" thread="Server thread">
    <log4j:Message><![CDATA[Preparing spawn area: 18%]]></log4j:Message>
  </log4j:Event>
  <log4j:Event logger="net.minecraft.server.level.progress.LoggingLevelLoadListener" timestamp="1791649686308" level="INFO" thread="Server thread">
    <log4j:Message><![CDATA[Preparing spawn area: 18%]]></log4j:Message>
  </log4j:Event>
  <log4j:Event logger="net.minecraft.server.level.progress.LoggingLevelLoadListener" timestamp="1791649686360" level="INFO" thread="Server thread">
    <log4j:Message><![CDATA[Preparing spawn area: 18%]]></log4j:Message>
  </log4j:Event>
  <log4j:Event logger="net.minecraft.server.level.progress.LoggingLevelLoadListener" timestamp="1791649686406" level="INFO" thread="Server thread">
    <log4j:Message><![CDATA[Preparing spawn area: 18%]]></log4j:Message>
  </log4j:Event>
  <log4j:Event logger="net.minecraft.server.level.progress.LoggingLevelLoadListener" timestamp="1791649686456" level="INFO" thread="Server thread">
    <log4j:Message><![CDATA[Preparing spawn area: 18%]]></log4j:Message>
  </log4j:Event>
  <log4j:Event logger="net.minecraft.server.level.progress.LoggingLevelLoadListener" timestamp="1791649686508" level="INFO" thread="Server thread">
    <log4j:Message><![CDATA[Preparing spawn area: 18%]]></log4j:Message>
  </log4j:Event>
  <log4j:Event logger="net.minecraft.server.level.progress.LoggingLevelLoadListener" timestamp="1791649686606" level="INFO" thread="Server thread">
    <log4j:Message><![CDATA[Preparing spawn area: 18%]]></log4j:Message>
  </log4j:Event>
  <log4j:Event logger="net.minecraft.server.level.progress.LoggingLevelLoadListener" timestamp="1791649687107" level="INFO" thread="Server thread">
    <log4j:Message><![CDATA[Preparing spawn area: 30%]]></log4j:Message>
  </log4j:Event>
  <log4j:Event logger="net.minecraft.server.level.progress.LoggingLevelLoadListener" timestamp="1791649687606" level="INFO" thread="Server thread">
    <log4j:Message><![CDATA[Preparing spawn area: 30%]]></log4j:Message>
  </log4j:Event>
  <log4j:Event logger="net.minecraft.server.level.progress.LoggingLevelLoadListener" timestamp="1791649688106" level="INFO" thread="Server thread">
    <log4j:Message><![CDATA[Preparing spawn area: 30%]]></log4j:Message>
  </log4j:Event>
  <log4j:Event logger="net.minecraft.server.level.progress.LoggingLevelLoadListener" timestamp="1791649688606" level="INFO" thread="Server thread">
    <log4j:Message><![CDATA[Preparing spawn area: 32%]]></log4j:Message>
  </log4j:Event>
  <log4j:Event logger="net.minecraft.server.level.progress.LoggingLevelLoadListener" timestamp="1791649689106" level="INFO" thread="Server thread">
    <log4j:Message><![CDATA[Preparing spawn area: 58%]]></log4j:Message>
  </log4j:Event>
  <log4j:Event logger="net.minecraft.server.level.progress.LoggingLevelLoadListener" timestamp="1791649689606" level="INFO" thread="Server thread">
    <log4j:Message><![CDATA[Preparing spawn area: 58%]]></log4j:Message>
  </log4j:Event>
  <log4j:Event logger="net.minecraft.server.level.progress.LoggingLevelLoadListener" timestamp="1791649690106" level="INFO" thread="Server thread">
    <log4j:Message><![CDATA[Preparing spawn area: 58%]]></log4j:Message>
  </log4j:Event>
  <log4j:Event logger="net.minecraft.server.level.progress.LoggingLevelLoadListener" timestamp="1791649690611" level="INFO" thread="Server thread">
    <log4j:Message><![CDATA[Preparing spawn area: 94%]]></log4j:Message>
  </log4j:Event>
  <log4j:Event logger="net.minecraft.server.level.progress.LoggingLevelLoadListener" timestamp="1791649690674" level="INFO" thread="Server thread">
    <log4j:Message><![CDATA[Time elapsed: 12610 ms]]></log4j:Message>
  </log4j:Event>
  <log4j:Event logger="net.minecraft.server.players.PlayerList" timestamp="1791649690854" level="INFO" thread="Server thread">
    <log4j:Message><![CDATA[Tester[local:E:745f5667] logged in with entity id 18 at (-2.5, 70.0, -0.5)]]></log4j:Message>
  </log4j:Event>
  <log4j:Event logger="net.minecraft.server.MinecraftServer" timestamp="1791649690921" level="INFO" thread="Server thread">
    <log4j:Message><![CDATA[Tester joined the game]]></log4j:Message>
  </log4j:Event>
  <log4j:Event logger="ChunkBuilder" timestamp="1791649691073" level="INFO" thread="Render thread">
    <log4j:Message><![CDATA[Started 1 worker threads]]></log4j:Message>
  </log4j:Event>
  <log4j:Event logger="net.minecraft.client.server.IntegratedServer" timestamp="1791649691100" level="INFO" thread="Server thread">
    <log4j:Message><![CDATA[Changing view distance to 4, from 10]]></log4j:Message>
  </log4j:Event>
  <log4j:Event logger="net.minecraft.client.server.IntegratedServer" timestamp="1791649691112" level="INFO" thread="Server thread">
    <log4j:Message><![CDATA[Changing simulation distance to 5, from 0]]></log4j:Message>
  </log4j:Event>
  <log4j:Event logger="net.minecraft.advancements.AdvancementTree" timestamp="1791649691170" level="INFO" thread="Render thread">
    <log4j:Message><![CDATA[Loaded 2 advancements]]></log4j:Message>
  </log4j:Event>
  <log4j:Event logger="net.minecraft.client.multiplayer.AccountProfileKeyPairManager" timestamp="1791649691244" level="ERROR" thread="Download-2">
    <log4j:Message><![CDATA[Failed to retrieve profile key pair]]></log4j:Message>
    <log4j:Throwable><![CDATA[MinecraftClientHttpException[type=HTTP_ERROR, status=401, response=ErrorResponse[path=/player/certificates, error=null, errorMessage=null, details=null]]
	at knot//com.mojang.authlib.minecraft.client.MinecraftClient.buildHttpException(MinecraftClient.java:170)
	at knot//com.mojang.authlib.minecraft.client.MinecraftClient.readServiceResponse(MinecraftClient.java:147)
	at knot//com.mojang.authlib.minecraft.client.MinecraftClient.post(MinecraftClient.java:89)
	at knot//com.mojang.authlib.yggdrasil.YggdrasilUserApiService.getKeyPair(YggdrasilUserApiService.java:62)
	at knot//net.minecraft.client.multiplayer.AccountProfileKeyPairManager.fetchProfileKeyPair(AccountProfileKeyPairManager.java:128)
	at knot//net.minecraft.client.multiplayer.AccountProfileKeyPairManager.lambda$readOrFetchProfileKeyPair$0(AccountProfileKeyPairManager.java:77)
	at java.base/java.util.concurrent.CompletableFuture$AsyncSupply.run(Unknown Source)
	at java.base/java.util.concurrent.ThreadPoolExecutor.runWorker(Unknown Source)
	at java.base/java.util.concurrent.ThreadPoolExecutor$Worker.run(Unknown Source)
	at java.base/java.lang.Thread.run(Unknown Source)
]]></log4j:Throwable>
  </log4j:Event>
  <log4j:Event logger="ChunkBuilder" timestamp="1791649691380" level="INFO" thread="Render thread">
    <log4j:Message><![CDATA[Stopping worker threads]]></log4j:Message>
  </log4j:Event>
  <log4j:Event logger="ChunkBuilder" timestamp="1791649691392" level="INFO" thread="Render thread">
    <log4j:Message><![CDATA[Started 1 worker threads]]></log4j:Message>
  </log4j:Event>
  <log4j:Event logger="net.minecraft.client.renderer.DynamicUniformStorage" timestamp="1791649691672" level="INFO" thread="Render thread">
    <log4j:Message><![CDATA[Resizing Dynamic Transforms UBO, capacity limit of 2 reached during a single frame. New capacity will be 4.]]></log4j:Message>
  </log4j:Event>
  <log4j:Event logger="net.minecraft.client.renderer.DynamicUniformStorage" timestamp="1791649691827" level="INFO" thread="Render thread">
    <log4j:Message><![CDATA[Resizing Dynamic Transforms UBO, capacity limit of 4 reached during a single frame. New capacity will be 8.]]></log4j:Message>
  </log4j:Event>
  <log4j:Event logger="net.minecraft.client.renderer.DynamicUniformStorage" timestamp="1791649691937" level="INFO" thread="Render thread">
    <log4j:Message><![CDATA[Resizing Dynamic Transforms UBO, capacity limit of 8 reached during a single frame. New capacity will be 16.]]></log4j:Message>
  </log4j:Event>
  <log4j:Event logger="net.minecraft.server.LoggedPrintStream" timestamp="1791649692861" level="INFO" thread="Render thread">
    <log4j:Message><![CDATA[[STDOUT]: [Peregrine self-test] PASS joins the world]]></log4j:Message>
  </log4j:Event>
  <log4j:Event logger="net.minecraft.client.server.IntegratedServer" timestamp="1791649692901" level="INFO" thread="Server thread">
    <log4j:Message><![CDATA[Changing view distance to 8, from 4]]></log4j:Message>
  </log4j:Event>
  <log4j:Event logger="ChunkBuilder" timestamp="1791649693329" level="INFO" thread="Render thread">
    <log4j:Message><![CDATA[Stopping worker threads]]></log4j:Message>
  </log4j:Event>
  <log4j:Event logger="ChunkBuilder" timestamp="1791649693341" level="INFO" thread="Render thread">
    <log4j:Message><![CDATA[Started 1 worker threads]]></log4j:Message>
  </log4j:Event>
  <log4j:Event logger="net.minecraft.server.LoggedPrintStream" timestamp="1791649732506" level="INFO" thread="Render thread">
    <log4j:Message><![CDATA[[STDOUT]: [Peregrine self-test] INFO benchmark: 24 fps average, 11 lowest, render distance 8, over 20 s]]></log4j:Message>
  </log4j:Event>
  <log4j:Event logger="net.minecraft.server.LoggedPrintStream" timestamp="1791649732610" level="INFO" thread="Render thread">
    <log4j:Message><![CDATA[[STDOUT]: [Peregrine self-test] PASS HUD draws in game]]></log4j:Message>
  </log4j:Event>
  <log4j:Event logger="net.minecraft.server.LoggedPrintStream" timestamp="1791649737564" level="INFO" thread="Render thread">
    <log4j:Message><![CDATA[[STDOUT]: [Peregrine self-test] PASS Stable FPS eases off settings when FPS is low]]></log4j:Message>
  </log4j:Event>
  <log4j:Event logger="net.minecraft.server.LoggedPrintStream" timestamp="1791649741299" level="INFO" thread="Render thread">
    <log4j:Message><![CDATA[[STDOUT]: [Peregrine self-test] PASS mouse clicks are counted (CPS)]]></log4j:Message>
  </log4j:Event>
  <log4j:Event logger="net.minecraft.server.LoggedPrintStream" timestamp="1791649742301" level="INFO" thread="Render thread">
    <log4j:Message><![CDATA[[STDOUT]: [Peregrine self-test] PASS holding C zooms in]]></log4j:Message>
  </log4j:Event>
  <log4j:Event logger="net.minecraft.server.LoggedPrintStream" timestamp="1791649745010" level="INFO" thread="Render thread">
    <log4j:Message><![CDATA[[STDOUT]: [Peregrine self-test] PASS Right Shift opens the menu]]></log4j:Message>
  </log4j:Event>
  <log4j:Event logger="net.minecraft.server.LoggedPrintStream" timestamp="1791649748299" level="INFO" thread="Render thread">
    <log4j:Message><![CDATA[[STDOUT]: [Peregrine self-test] PASS typing and Backspace work in the search box]]></log4j:Message>
  </log4j:Event>
  <log4j:Event logger="net.minecraft.server.LoggedPrintStream" timestamp="1791649750905" level="INFO" thread="Render thread">
    <log4j:Message><![CDATA[[STDOUT]: [Peregrine self-test] PASS clicking a card switches it]]></log4j:Message>
  </log4j:Event>
  <log4j:Event logger="net.minecraft.server.LoggedPrintStream" timestamp="1791649752203" level="INFO" thread="Render thread">
    <log4j:Message><![CDATA[[STDOUT]: [Peregrine self-test] PASS Edit HUD opens the editor]]></log4j:Message>
  </log4j:Event>
  <log4j:Event logger="net.minecraft.server.LoggedPrintStream" timestamp="1791649755883" level="INFO" thread="Render thread">
    <log4j:Message><![CDATA[[STDOUT]: [Peregrine self-test] PASS dragging moves a HUD item]]></log4j:Message>
  </log4j:Event>
  <log4j:Event logger="net.minecraft.server.LoggedPrintStream" timestamp="1791649757964" level="INFO" thread="Render thread">
    <log4j:Message><![CDATA[[STDOUT]: [Peregrine self-test] PASS right-click opens the style panel]]></log4j:Message>
  </log4j:Event>
  <log4j:Event logger="net.minecraft.server.LoggedPrintStream" timestamp="1791649760400" level="INFO" thread="Render thread">
    <log4j:Message><![CDATA[[STDOUT]: [Peregrine self-test] PASS picking a colour recolours the text]]></log4j:Message>
  </log4j:Event>
  <log4j:Event logger="net.minecraft.server.LoggedPrintStream" timestamp="1791649762283" level="INFO" thread="Render thread">
    <log4j:Message><![CDATA[[STDOUT]: [Peregrine self-test] PASS dragging the corner makes it bigger]]></log4j:Message>
  </log4j:Event>
  <log4j:Event logger="net.minecraft.server.LoggedPrintStream" timestamp="1791649764448" level="INFO" thread="Render thread">
    <log4j:Message><![CDATA[[STDOUT]: [Peregrine self-test] PASS Esc saves and closes the editor]]></log4j:Message>
  </log4j:Event>
  <log4j:Event logger="net.minecraft.server.LoggedPrintStream" timestamp="1791649765343" level="INFO" thread="Render thread">
    <log4j:Message><![CDATA[[STDOUT]: [Peregrine self-test] PASS the gear opens a settings page]]></log4j:Message>
  </log4j:Event>
  <log4j:Event logger="net.minecraft.server.LoggedPrintStream" timestamp="1791649768298" level="INFO" thread="Render thread">
    <log4j:Message><![CDATA[[STDOUT]: [Peregrine self-test] PASS clicking an option changes it]]></log4j:Message>
  </log4j:Event>
  <log4j:Event logger="net.minecraft.server.LoggedPrintStream" timestamp="1791649769589" level="INFO" thread="Render thread">
    <log4j:Message><![CDATA[[STDOUT]: [Peregrine self-test] PASS the keybind button waits for a key]]></log4j:Message>
  </log4j:Event>
  <log4j:Event logger="net.minecraft.server.LoggedPrintStream" timestamp="1791649772037" level="INFO" thread="Render thread">
    <log4j:Message><![CDATA[[STDOUT]: [Peregrine self-test] PASS pressing K binds it]]></log4j:Message>
  </log4j:Event>
  <log4j:Event logger="net.minecraft.server.LoggedPrintStream" timestamp="1791649772956" level="INFO" thread="Render thread">
    <log4j:Message><![CDATA[[STDOUT]: [Peregrine self-test] PASS Customize opens the editor with the style panel]]></log4j:Message>
  </log4j:Event>
  <log4j:Event logger="net.minecraft.server.LoggedPrintStream" timestamp="1791649775495" level="INFO" thread="Render thread">
    <log4j:Message><![CDATA[[STDOUT]: [Peregrine self-test] PASS Esc goes back to the settings page]]></log4j:Message>
  </log4j:Event>
  <log4j:Event logger="net.minecraft.server.LoggedPrintStream" timestamp="1791649776117" level="INFO" thread="Render thread">
    <log4j:Message><![CDATA[[STDOUT]: [Peregrine self-test] PASS Esc goes back to the list]]></log4j:Message>
  </log4j:Event>
  <log4j:Event logger="net.minecraft.server.LoggedPrintStream" timestamp="1791649776993" level="INFO" thread="Render thread">
    <log4j:Message><![CDATA[[STDOUT]: [Peregrine self-test] PASS the Settings tab opens]]></log4j:Message>
  </log4j:Event>
  <log4j:Event logger="net.minecraft.server.LoggedPrintStream" timestamp="1791649779990" level="INFO" thread="Render thread">
    <log4j:Message><![CDATA[[STDOUT]: [Peregrine self-test] PASS the Keybinds tab opens]]></log4j:Message>
  </log4j:Event>
  <log4j:Event logger="net.minecraft.server.LoggedPrintStream" timestamp="1791649783211" level="INFO" thread="Render thread">
    <log4j:Message><![CDATA[[STDOUT]: [Peregrine self-test] PASS back to the Mods tab]]></log4j:Message>
  </log4j:Event>
  <log4j:Event logger="net.minecraft.server.LoggedPrintStream" timestamp="1791649785800" level="INFO" thread="Render thread">
    <log4j:Message><![CDATA[[STDOUT]: [Peregrine self-test] PASS Esc closes the menu]]></log4j:Message>
  </log4j:Event>
  <log4j:Event logger="net.minecraft.server.LoggedPrintStream" timestamp="1791649786387" level="INFO" thread="Render thread">
    <log4j:Message><![CDATA[[STDOUT]: [Peregrine self-test] PASS pressing K in game switches the Clock]]></log4j:Message>
  </log4j:Event>
  <log4j:Event logger="net.minecraft.server.packs.resources.ReloadableResourceManager" timestamp="1791649787771" level="INFO" thread="Render thread">
    <log4j:Message><![CDATA[Reloading ResourceManager: vanilla, badoptimizations, cloth-config, conditional-mixin, dynamic_fps, dynamic_fps_common, entityculling, fabric-advancement-api-v1, fabric-api, fabric-api-base, fabric-api-lookup-api-v1, fabric-biome-api-v1, fabric-block-api-v1, fabric-block-getter-api-v2, fabric-command-api-v2, fabric-content-registries-v0, fabric-convention-tags-v2, fabric-crash-report-info-v1, fabric-creative-tab-api-v1, fabric-data-attachment-api-v1, fabric-data-generation-api-v1, fabric-debug-api-v1, fabric-dimensions-v1, fabric-entity-events-v1, fabric-events-interaction-v0, fabric-game-rule-api-v1, fabric-item-api-v1, fabric-key-mapping-api-v1, fabric-lifecycle-events-v1, fabric-loot-api-v3, fabric-menu-api-v1, fabric-message-api-v1, fabric-model-loading-api-v1, fabric-networking-api-v1, fabric-object-builder-api-v1, fabric-particles-v1, fabric-permission-api-v1, fabric-recipe-api-v1, fabric-registry-sync-v0, fabric-renderer-api-v1, fabric-renderer-indigo, fabric-rendering-fluids-v1, fabric-rendering-v1, fabric-resource-conditions-api-v1, fabric-resource-loader-v0, fabric-resource-loader-v1, fabric-screen-api-v1, fabric-serialization-api-v1, fabric-sound-api-v1, fabric-tag-api-v1, fabric-transfer-api-v1, fabric-transitive-access-wideners-v1, fabricloader, immediatelyfast, lithium, moreculling, peregrine-client, scalablelux, sodium, trender, file/PeregrineTest]]></log4j:Message>
  </log4j:Event>
  <log4j:Event logger="ChunkBuilder" timestamp="1791649787790" level="INFO" thread="Render thread">
    <log4j:Message><![CDATA[Stopping worker threads]]></log4j:Message>
  </log4j:Event>
  <log4j:Event logger="ChunkBuilder" timestamp="1791649787799" level="INFO" thread="Render thread">
    <log4j:Message><![CDATA[Started 1 worker threads]]></log4j:Message>
  </log4j:Event>
  <log4j:Event logger="net.minecraft.server.LoggedPrintStream" timestamp="1791649787859" level="INFO" thread="Render thread">
    <log4j:Message><![CDATA[[STDOUT]: [Peregrine self-test] PASS clear_weather hook runs]]></log4j:Message>
  </log4j:Event>
  <log4j:Event logger="net.minecraft.client.server.IntegratedServer" timestamp="1791649787906" level="INFO" thread="Server thread">
    <log4j:Message><![CDATA[Saving and pausing game...]]></log4j:Message>
  </log4j:Event>
  <log4j:Event logger="net.minecraft.server.MinecraftServer" timestamp="1791649787939" level="INFO" thread="Server thread">
    <log4j:Message><![CDATA[Saving chunks for level 'ServerLevel[world]'/minecraft:overworld]]></log4j:Message>
  </log4j:Event>
  <log4j:Event logger="net.minecraft.server.LoggedPrintStream" timestamp="1791649787963" level="INFO" thread="Render thread">
    <log4j:Message><![CDATA[[STDOUT]: [Peregrine self-test] PASS clean_edges hook runs]]></log4j:Message>
  </log4j:Event>
  <log4j:Event logger="net.minecraft.server.MinecraftServer" timestamp="1791649788004" level="INFO" thread="Server thread">
    <log4j:Message><![CDATA[Saving chunks for level 'ServerLevel[world]'/minecraft:the_end]]></log4j:Message>
  </log4j:Event>
  <log4j:Event logger="net.minecraft.server.MinecraftServer" timestamp="1791649788010" level="INFO" thread="Server thread">
    <log4j:Message><![CDATA[Saving chunks for level 'ServerLevel[world]'/minecraft:the_nether]]></log4j:Message>
  </log4j:Event>
  <log4j:Event logger="net.minecraft.client.gui.font.providers.UnihexProvider" timestamp="1791649788068" level="INFO" thread="Worker-Main-3">
    <log4j:Message><![CDATA[Found unifont_all_no_pua-17.0.01.hex, loading]]></log4j:Message>
  </log4j:Event>
  <log4j:Event logger="net.minecraft.client.gui.font.providers.UnihexProvider" timestamp="1791649788116" level="INFO" thread="Worker-Main-1">
    <log4j:Message><![CDATA[Found unifont_pua-17.0.01.hex, loading]]></log4j:Message>
  </log4j:Event>
  <log4j:Event logger="net.minecraft.client.gui.font.providers.UnihexProvider" timestamp="1791649788236" level="INFO" thread="Worker-Main-3">
    <log4j:Message><![CDATA[Found unifont_jp_patch-17.0.01.hex, loading]]></log4j:Message>
  </log4j:Event>
ALSA lib confmisc.c:855:(parse_card) cannot find card '0'
ALSA lib conf.c:5208:(_snd_config_evaluate) function snd_func_card_inum returned error: No such file or directory
ALSA lib confmisc.c:422:(snd_func_concat) error evaluating strings
ALSA lib conf.c:5208:(_snd_config_evaluate) function snd_func_concat returned error: No such file or directory
ALSA lib confmisc.c:1342:(snd_func_refer) error evaluating name
ALSA lib conf.c:5208:(_snd_config_evaluate) function snd_func_refer returned error: No such file or directory
ALSA lib conf.c:5731:(snd_config_expand) Evaluate error: No such file or directory
ALSA lib pcm.c:2721:(snd_pcm_open_noupdate) Unknown PCM default
ALSA lib confmisc.c:855:(parse_card) cannot find card '0'
ALSA lib conf.c:5208:(_snd_config_evaluate) function snd_func_card_inum returned error: No such file or directory
ALSA lib confmisc.c:422:(snd_func_concat) error evaluating strings
ALSA lib conf.c:5208:(_snd_config_evaluate) function snd_func_concat returned error: No such file or directory
ALSA lib confmisc.c:1342:(snd_func_refer) error evaluating name
ALSA lib conf.c:5208:(_snd_config_evaluate) function snd_func_refer returned error: No such file or directory
ALSA lib conf.c:5731:(snd_config_expand) Evaluate error: No such file or directory
ALSA lib pcm.c:2721:(snd_pcm_open_noupdate) Unknown PCM default
  <log4j:Event logger="net.minecraft.client.sounds.SoundEngine" timestamp="1791649789277" level="ERROR" thread="Render thread">
    <log4j:Message><![CDATA[Error starting SoundSystem. Turning off sounds & music]]></log4j:Message>
    <log4j:Throwable><![CDATA[java.lang.IllegalStateException: Failed to open OpenAL device
	at knot//com.mojang.blaze3d.audio.Library.openDeviceOrFallback(Library.java:275)
	at knot//com.mojang.blaze3d.audio.Library.init(Library.java:150)
	at knot//net.minecraft.client.sounds.SoundEngine.loadLibrary(SoundEngine.java:120)
	at knot//net.minecraft.client.sounds.SoundEngine.reload(SoundEngine.java:109)
	at knot//net.minecraft.client.sounds.SoundManager.apply(SoundManager.java:122)
	at knot//net.minecraft.client.sounds.SoundManager.apply(SoundManager.java:41)
	at knot//net.minecraft.server.packs.resources.SimplePreparableReloadListener.lambda$reload$1(SimplePreparableReloadListener.java:15)
	at java.base/java.util.concurrent.CompletableFuture$UniAccept.tryFire(Unknown Source)
	at java.base/java.util.concurrent.CompletableFuture$Completion.run(Unknown Source)
	at knot//net.minecraft.server.packs.resources.SimpleReloadInstance.lambda$prepareTasks$3(SimpleReloadInstance.java:59)
	at knot//net.minecraft.util.thread.BlockableEventLoop.doRunTask(BlockableEventLoop.java:173)
	at knot//net.minecraft.util.thread.ReentrantBlockableEventLoop.doRunTask(ReentrantBlockableEventLoop.java:23)
	at knot//net.minecraft.util.thread.BlockableEventLoop.pollTask(BlockableEventLoop.java:147)
	at knot//net.minecraft.util.thread.BlockableEventLoop.runAllTasks(BlockableEventLoop.java:127)
	at knot//net.minecraft.client.Minecraft.runTick(Minecraft.java:1235)
	at knot//net.minecraft.client.Minecraft.run(Minecraft.java:959)
	at knot//net.minecraft.client.main.Main.main(Main.java:292)
	at net.fabricmc.loader.impl.game.minecraft.MinecraftGameProvider.launch(MinecraftGameProvider.java:517)
	at net.fabricmc.loader.impl.launch.knot.Knot.launch(Knot.java:72)
	at net.fabricmc.loader.impl.launch.knot.KnotClient.main(KnotClient.java:23)
]]></log4j:Throwable>
  </log4j:Event>
  <log4j:Event logger="net.minecraft.client.renderer.texture.TextureAtlas" timestamp="1791649789278" level="INFO" thread="Render thread">
    <log4j:Message><![CDATA[Created: 512x256x0 minecraft:textures/atlas/particles.png-atlas]]></log4j:Message>
  </log4j:Event>
  <log4j:Event logger="net.minecraft.client.renderer.texture.TextureAtlas" timestamp="1791649789290" level="INFO" thread="Render thread">
    <log4j:Message><![CDATA[Created: 128x128x0 minecraft:textures/atlas/decorated_pot.png-atlas]]></log4j:Message>
  </log4j:Event>
  <log4j:Event logger="net.minecraft.client.renderer.texture.TextureAtlas" timestamp="1791649789291" level="INFO" thread="Render thread">
    <log4j:Message><![CDATA[Created: 2048x1024x0 minecraft:textures/atlas/armor_trims.png-atlas]]></log4j:Message>
  </log4j:Event>
  <log4j:Event logger="net.minecraft.client.renderer.texture.TextureAtlas" timestamp="1791649789306" level="INFO" thread="Render thread">
    <log4j:Message><![CDATA[Created: 512x256x0 minecraft:textures/atlas/paintings.png-atlas]]></log4j:Message>
  </log4j:Event>
  <log4j:Event logger="net.minecraft.client.renderer.texture.TextureAtlas" timestamp="1791649789308" level="INFO" thread="Render thread">
    <log4j:Message><![CDATA[Created: 1024x512x0 minecraft:textures/atlas/shield_patterns.png-atlas]]></log4j:Message>
  </log4j:Event>
  <log4j:Event logger="net.minecraft.client.renderer.texture.TextureAtlas" timestamp="1791649789311" level="INFO" thread="Render thread">
    <log4j:Message><![CDATA[Created: 2048x2048x4 minecraft:textures/atlas/blocks.png-atlas]]></log4j:Message>
  </log4j:Event>
  <log4j:Event logger="net.minecraft.client.renderer.texture.TextureAtlas" timestamp="1791649789438" level="INFO" thread="Render thread">
    <log4j:Message><![CDATA[Created: 512x512x0 minecraft:textures/atlas/chest.png-atlas]]></log4j:Message>
  </log4j:Event>
  <log4j:Event logger="net.minecraft.client.renderer.texture.TextureAtlas" timestamp="1791649789439" level="INFO" thread="Render thread">
    <log4j:Message><![CDATA[Created: 256x128x0 minecraft:textures/atlas/celestials.png-atlas]]></log4j:Message>
  </log4j:Event>
  <log4j:Event logger="net.minecraft.client.renderer.texture.TextureAtlas" timestamp="1791649789439" level="INFO" thread="Render thread">
    <log4j:Message><![CDATA[Created: 1024x512x0 minecraft:textures/atlas/banner_patterns.png-atlas]]></log4j:Message>
  </log4j:Event>
  <log4j:Event logger="net.minecraft.client.renderer.texture.TextureAtlas" timestamp="1791649789440" level="INFO" thread="Render thread">
    <log4j:Message><![CDATA[Created: 1024x512x0 minecraft:textures/atlas/items.png-atlas]]></log4j:Message>
  </log4j:Event>
  <log4j:Event logger="net.minecraft.client.renderer.texture.TextureAtlas" timestamp="1791649789455" level="INFO" thread="Render thread">
    <log4j:Message><![CDATA[Created: 1024x1024x0 minecraft:textures/atlas/gui.png-atlas]]></log4j:Message>
  </log4j:Event>
  <log4j:Event logger="net.minecraft.client.renderer.texture.TextureAtlas" timestamp="1791649789468" level="INFO" thread="Render thread">
    <log4j:Message><![CDATA[Created: 128x64x0 minecraft:textures/atlas/map_decorations.png-atlas]]></log4j:Message>
  </log4j:Event>
  <log4j:Event logger="net.minecraft.client.renderer.texture.TextureAtlas" timestamp="1791649789470" level="INFO" thread="Render thread">
    <log4j:Message><![CDATA[Created: 512x512x0 minecraft:textures/atlas/shulker_boxes.png-atlas]]></log4j:Message>
  </log4j:Event>
  <log4j:Event logger="moreculling" timestamp="1791649789662" level="INFO" thread="Render thread">
    <log4j:Message><![CDATA[32370 cache(s) were cleared!]]></log4j:Message>
  </log4j:Event>
  <log4j:Event logger="net.minecraft.server.LoggedPrintStream" timestamp="1791649789666" level="INFO" thread="Render thread">
    <log4j:Message><![CDATA[[STDOUT]: [Peregrine self-test] PASS anti base leak: every block uses one rotation]]></log4j:Message>
  </log4j:Event>
  <log4j:Event logger="net.minecraft.server.LoggedPrintStream" timestamp="1791649789667" level="INFO" thread="Render thread">
    <log4j:Message><![CDATA[[STDOUT]: [Peregrine self-test] PASS anti base leak: block model hook runs (diamond bedrock)]]></log4j:Message>
  </log4j:Event>
  <log4j:Event logger="net.minecraft.server.LoggedPrintStream" timestamp="1791649789669" level="INFO" thread="Render thread">
    <log4j:Message><![CDATA[[STDOUT]: [Peregrine self-test] PASS bedrock is drawn as diamond blocks]]></log4j:Message>
  </log4j:Event>
  <log4j:Event logger="ChunkBuilder" timestamp="1791649789670" level="INFO" thread="Render thread">
    <log4j:Message><![CDATA[Stopping worker threads]]></log4j:Message>
  </log4j:Event>
  <log4j:Event logger="ChunkBuilder" timestamp="1791649789674" level="INFO" thread="Render thread">
    <log4j:Message><![CDATA[Started 1 worker threads]]></log4j:Message>
  </log4j:Event>
  <log4j:Event logger="net.minecraft.server.LoggedPrintStream" timestamp="1791649789829" level="INFO" thread="Render thread">
    <log4j:Message><![CDATA[[STDOUT]: [Peregrine self-test] PASS item physics lays the dropped item down]]></log4j:Message>
  </log4j:Event>
  <log4j:Event logger="net.minecraft.server.packs.resources.ReloadableResourceManager" timestamp="1791649791726" level="INFO" thread="Render thread">
    <log4j:Message><![CDATA[Reloading ResourceManager: vanilla, badoptimizations, cloth-config, conditional-mixin, dynamic_fps, dynamic_fps_common, entityculling, fabric-advancement-api-v1, fabric-api, fabric-api-base, fabric-api-lookup-api-v1, fabric-biome-api-v1, fabric-block-api-v1, fabric-block-getter-api-v2, fabric-command-api-v2, fabric-content-registries-v0, fabric-convention-tags-v2, fabric-crash-report-info-v1, fabric-creative-tab-api-v1, fabric-data-attachment-api-v1, fabric-data-generation-api-v1, fabric-debug-api-v1, fabric-dimensions-v1, fabric-entity-events-v1, fabric-events-interaction-v0, fabric-game-rule-api-v1, fabric-item-api-v1, fabric-key-mapping-api-v1, fabric-lifecycle-events-v1, fabric-loot-api-v3, fabric-menu-api-v1, fabric-message-api-v1, fabric-model-loading-api-v1, fabric-networking-api-v1, fabric-object-builder-api-v1, fabric-particles-v1, fabric-permission-api-v1, fabric-recipe-api-v1, fabric-registry-sync-v0, fabric-renderer-api-v1, fabric-renderer-indigo, fabric-rendering-fluids-v1, fabric-rendering-v1, fabric-resource-conditions-api-v1, fabric-resource-loader-v0, fabric-resource-loader-v1, fabric-screen-api-v1, fabric-serialization-api-v1, fabric-sound-api-v1, fabric-tag-api-v1, fabric-transfer-api-v1, fabric-transitive-access-wideners-v1, fabricloader, immediatelyfast, lithium, moreculling, peregrine-client, scalablelux, sodium, trender, file/PeregrineTest]]></log4j:Message>
  </log4j:Event>
  <log4j:Event logger="net.minecraft.client.server.IntegratedServer" timestamp="1791649791908" level="INFO" thread="Server thread">
    <log4j:Message><![CDATA[Saving and pausing game...]]></log4j:Message>
  </log4j:Event>
  <log4j:Event logger="net.minecraft.server.MinecraftServer" timestamp="1791649791915" level="INFO" thread="Server thread">
    <log4j:Message><![CDATA[Saving chunks for level 'ServerLevel[world]'/minecraft:overworld]]></log4j:Message>
  </log4j:Event>
  <log4j:Event logger="net.minecraft.server.MinecraftServer" timestamp="1791649791961" level="INFO" thread="Server thread">
    <log4j:Message><![CDATA[Saving chunks for level 'ServerLevel[world]'/minecraft:the_end]]></log4j:Message>
  </log4j:Event>
  <log4j:Event logger="net.minecraft.server.MinecraftServer" timestamp="1791649791962" level="INFO" thread="Server thread">
    <log4j:Message><![CDATA[Saving chunks for level 'ServerLevel[world]'/minecraft:the_nether]]></log4j:Message>
  </log4j:Event>
  <log4j:Event logger="net.minecraft.client.gui.font.providers.UnihexProvider" timestamp="1791649792055" level="INFO" thread="Worker-Main-2">
    <log4j:Message><![CDATA[Found unifont_all_no_pua-17.0.01.hex, loading]]></log4j:Message>
  </log4j:Event>
  <log4j:Event logger="net.minecraft.client.gui.font.providers.UnihexProvider" timestamp="1791649792098" level="INFO" thread="Worker-Main-1">
    <log4j:Message><![CDATA[Found unifont_pua-17.0.01.hex, loading]]></log4j:Message>
  </log4j:Event>
  <log4j:Event logger="net.minecraft.client.gui.font.providers.UnihexProvider" timestamp="1791649792235" level="INFO" thread="Worker-Main-2">
    <log4j:Message><![CDATA[Found unifont_jp_patch-17.0.01.hex, loading]]></log4j:Message>
  </log4j:Event>
ALSA lib confmisc.c:855:(parse_card) cannot find card '0'
ALSA lib conf.c:5208:(_snd_config_evaluate) function snd_func_card_inum returned error: No such file or directory
ALSA lib confmisc.c:422:(snd_func_concat) error evaluating strings
ALSA lib conf.c:5208:(_snd_config_evaluate) function snd_func_concat returned error: No such file or directory
ALSA lib confmisc.c:1342:(snd_func_refer) error evaluating name
ALSA lib conf.c:5208:(_snd_config_evaluate) function snd_func_refer returned error: No such file or directory
ALSA lib conf.c:5731:(snd_config_expand) Evaluate error: No such file or directory
ALSA lib pcm.c:2721:(snd_pcm_open_noupdate) Unknown PCM default
ALSA lib confmisc.c:855:(parse_card) cannot find card '0'
ALSA lib conf.c:5208:(_snd_config_evaluate) function snd_func_card_inum returned error: No such file or directory
ALSA lib confmisc.c:422:(snd_func_concat) error evaluating strings
ALSA lib conf.c:5208:(_snd_config_evaluate) function snd_func_concat returned error: No such file or directory
ALSA lib confmisc.c:1342:(snd_func_refer) error evaluating name
ALSA lib conf.c:5208:(_snd_config_evaluate) function snd_func_refer returned error: No such file or directory
ALSA lib conf.c:5731:(snd_config_expand) Evaluate error: No such file or directory
ALSA lib pcm.c:2721:(snd_pcm_open_noupdate) Unknown PCM default
  <log4j:Event logger="net.minecraft.client.sounds.SoundEngine" timestamp="1791649793028" level="ERROR" thread="Render thread">
    <log4j:Message><![CDATA[Error starting SoundSystem. Turning off sounds & music]]></log4j:Message>
    <log4j:Throwable><![CDATA[java.lang.IllegalStateException: Failed to open OpenAL device
	at knot//com.mojang.blaze3d.audio.Library.openDeviceOrFallback(Library.java:275)
	at knot//com.mojang.blaze3d.audio.Library.init(Library.java:150)
	at knot//net.minecraft.client.sounds.SoundEngine.loadLibrary(SoundEngine.java:120)
	at knot//net.minecraft.client.sounds.SoundEngine.reload(SoundEngine.java:109)
	at knot//net.minecraft.client.sounds.SoundManager.apply(SoundManager.java:122)
	at knot//net.minecraft.client.sounds.SoundManager.apply(SoundManager.java:41)
	at knot//net.minecraft.server.packs.resources.SimplePreparableReloadListener.lambda$reload$1(SimplePreparableReloadListener.java:15)
	at java.base/java.util.concurrent.CompletableFuture$UniAccept.tryFire(Unknown Source)
	at java.base/java.util.concurrent.CompletableFuture$Completion.run(Unknown Source)
	at knot//net.minecraft.server.packs.resources.SimpleReloadInstance.lambda$prepareTasks$3(SimpleReloadInstance.java:59)
	at knot//net.minecraft.util.thread.BlockableEventLoop.doRunTask(BlockableEventLoop.java:173)
	at knot//net.minecraft.util.thread.ReentrantBlockableEventLoop.doRunTask(ReentrantBlockableEventLoop.java:23)
	at knot//net.minecraft.util.thread.BlockableEventLoop.pollTask(BlockableEventLoop.java:147)
	at knot//net.minecraft.util.thread.BlockableEventLoop.runAllTasks(BlockableEventLoop.java:127)
	at knot//net.minecraft.client.Minecraft.runTick(Minecraft.java:1235)
	at knot//net.minecraft.client.Minecraft.run(Minecraft.java:959)
	at knot//net.minecraft.client.main.Main.main(Main.java:292)
	at net.fabricmc.loader.impl.game.minecraft.MinecraftGameProvider.launch(MinecraftGameProvider.java:517)
	at net.fabricmc.loader.impl.launch.knot.Knot.launch(Knot.java:72)
	at net.fabricmc.loader.impl.launch.knot.KnotClient.main(KnotClient.java:23)
]]></log4j:Throwable>
  </log4j:Event>
  <log4j:Event logger="net.minecraft.client.renderer.texture.TextureAtlas" timestamp="1791649793029" level="INFO" thread="Render thread">
    <log4j:Message><![CDATA[Created: 512x256x0 minecraft:textures/atlas/particles.png-atlas]]></log4j:Message>
  </log4j:Event>
  <log4j:Event logger="net.minecraft.client.renderer.texture.TextureAtlas" timestamp="1791649793039" level="INFO" thread="Render thread">
    <log4j:Message><![CDATA[Created: 128x128x0 minecraft:textures/atlas/decorated_pot.png-atlas]]></log4j:Message>
  </log4j:Event>
  <log4j:Event logger="net.minecraft.client.renderer.texture.TextureAtlas" timestamp="1791649793040" level="INFO" thread="Render thread">
    <log4j:Message><![CDATA[Created: 2048x1024x0 minecraft:textures/atlas/armor_trims.png-atlas]]></log4j:Message>
  </log4j:Event>
  <log4j:Event logger="net.minecraft.client.renderer.texture.TextureAtlas" timestamp="1791649793051" level="INFO" thread="Render thread">
    <log4j:Message><![CDATA[Created: 512x256x0 minecraft:textures/atlas/paintings.png-atlas]]></log4j:Message>
  </log4j:Event>
  <log4j:Event logger="net.minecraft.client.renderer.texture.TextureAtlas" timestamp="1791649793053" level="INFO" thread="Render thread">
    <log4j:Message><![CDATA[Created: 1024x512x0 minecraft:textures/atlas/shield_patterns.png-atlas]]></log4j:Message>
  </log4j:Event>
  <log4j:Event logger="net.minecraft.client.renderer.texture.TextureAtlas" timestamp="1791649793055" level="INFO" thread="Render thread">
    <log4j:Message><![CDATA[Created: 2048x2048x4 minecraft:textures/atlas/blocks.png-atlas]]></log4j:Message>
  </log4j:Event>
  <log4j:Event logger="net.minecraft.client.renderer.texture.TextureAtlas" timestamp="1791649793173" level="INFO" thread="Render thread">
    <log4j:Message><![CDATA[Created: 512x512x0 minecraft:textures/atlas/chest.png-atlas]]></log4j:Message>
  </log4j:Event>
  <log4j:Event logger="net.minecraft.client.renderer.texture.TextureAtlas" timestamp="1791649793174" level="INFO" thread="Render thread">
    <log4j:Message><![CDATA[Created: 256x128x0 minecraft:textures/atlas/celestials.png-atlas]]></log4j:Message>
  </log4j:Event>
  <log4j:Event logger="net.minecraft.client.renderer.texture.TextureAtlas" timestamp="1791649793175" level="INFO" thread="Render thread">
    <log4j:Message><![CDATA[Created: 1024x512x0 minecraft:textures/atlas/banner_patterns.png-atlas]]></log4j:Message>
  </log4j:Event>
  <log4j:Event logger="net.minecraft.client.renderer.texture.TextureAtlas" timestamp="1791649793176" level="INFO" thread="Render thread">
    <log4j:Message><![CDATA[Created: 1024x512x0 minecraft:textures/atlas/items.png-atlas]]></log4j:Message>
  </log4j:Event>
  <log4j:Event logger="net.minecraft.client.renderer.texture.TextureAtlas" timestamp="1791649793193" level="INFO" thread="Render thread">
    <log4j:Message><![CDATA[Created: 1024x1024x0 minecraft:textures/atlas/gui.png-atlas]]></log4j:Message>
  </log4j:Event>
  <log4j:Event logger="net.minecraft.client.renderer.texture.TextureAtlas" timestamp="1791649793207" level="INFO" thread="Render thread">
    <log4j:Message><![CDATA[Created: 128x64x0 minecraft:textures/atlas/map_decorations.png-atlas]]></log4j:Message>
  </log4j:Event>
  <log4j:Event logger="net.minecraft.client.renderer.texture.TextureAtlas" timestamp="1791649793208" level="INFO" thread="Render thread">
    <log4j:Message><![CDATA[Created: 512x512x0 minecraft:textures/atlas/shulker_boxes.png-atlas]]></log4j:Message>
  </log4j:Event>
  <log4j:Event logger="moreculling" timestamp="1791649793435" level="INFO" thread="Render thread">
    <log4j:Message><![CDATA[32370 cache(s) were cleared!]]></log4j:Message>
  </log4j:Event>
  <log4j:Event logger="net.minecraft.server.LoggedPrintStream" timestamp="1791649793439" level="INFO" thread="Render thread">
    <log4j:Message><![CDATA[[STDOUT]: [Peregrine self-test] PASS custom crosshair draws]]></log4j:Message>
  </log4j:Event>
  <log4j:Event logger="ChunkBuilder" timestamp="1791649793440" level="INFO" thread="Render thread">
    <log4j:Message><![CDATA[Stopping worker threads]]></log4j:Message>
  </log4j:Event>
  <log4j:Event logger="ChunkBuilder" timestamp="1791649793443" level="INFO" thread="Render thread">
    <log4j:Message><![CDATA[Started 1 worker threads]]></log4j:Message>
  </log4j:Event>
  <log4j:Event logger="net.minecraft.server.LoggedPrintStream" timestamp="1791649795085" level="INFO" thread="Render thread">
    <log4j:Message><![CDATA[[STDOUT]: [Peregrine self-test] PASS holding Alt starts freelook in third person]]></log4j:Message>
  </log4j:Event>
  <log4j:Event logger="net.minecraft.server.LoggedPrintStream" timestamp="1791649797410" level="INFO" thread="Render thread">
    <log4j:Message><![CDATA[[STDOUT]: [Peregrine self-test] PASS letting go of Alt goes back to first person]]></log4j:Message>
  </log4j:Event>
  <log4j:Event logger="net.minecraft.server.LoggedPrintStream" timestamp="1791649797518" level="INFO" thread="Render thread">
    <log4j:Message><![CDATA[[STDOUT]: [Peregrine self-test] PASS particles: lava sparks are thinned out]]></log4j:Message>
  </log4j:Event>
  <log4j:Event logger="net.minecraft.server.LoggedPrintStream" timestamp="1791649797554" level="INFO" thread="Render thread">
    <log4j:Message><![CDATA[[STDOUT]: [Peregrine self-test] PASS fullbright lights up dark places]]></log4j:Message>
  </log4j:Event>
  <log4j:Event logger="net.minecraft.server.LoggedPrintStream" timestamp="1791649797591" level="INFO" thread="Render thread">
    <log4j:Message><![CDATA[[STDOUT]: [Peregrine self-test] PASS 1.7 animations: held item moves]]></log4j:Message>
  </log4j:Event>
  <log4j:Event logger="net.minecraft.server.LoggedPrintStream" timestamp="1791649797661" level="INFO" thread="Render thread">
    <log4j:Message><![CDATA[[STDOUT]: [Peregrine self-test] PASS hitboxes draw without F3+B]]></log4j:Message>
  </log4j:Event>
  <log4j:Event logger="net.minecraft.server.LoggedPrintStream" timestamp="1791649797697" level="INFO" thread="Render thread">
    <log4j:Message><![CDATA[[STDOUT]: [Peregrine self-test] PASS resource packs leave the menus alone (test pack's button and splash skipped)]]></log4j:Message>
  </log4j:Event>
  <log4j:Event logger="net.minecraft.server.LoggedPrintStream" timestamp="1791649797734" level="INFO" thread="Render thread">
    <log4j:Message><![CDATA[[STDOUT]: [Peregrine self-test] PASS small totem: the totem in your hand is drawn smaller]]></log4j:Message>
  </log4j:Event>
  <log4j:Event logger="net.minecraft.server.LoggedPrintStream" timestamp="1791649799656" level="INFO" thread="Render thread">
    <log4j:Message><![CDATA[[STDOUT]: [Peregrine self-test] PASS your own name tag shows in third person]]></log4j:Message>
  </log4j:Event>
  <log4j:Event logger="net.minecraft.server.LoggedPrintStream" timestamp="1791649801444" level="INFO" thread="Render thread">
    <log4j:Message><![CDATA[[STDOUT]: [Peregrine self-test] PASS fog is pushed away]]></log4j:Message>
  </log4j:Event>
  <log4j:Event logger="net.minecraft.server.LoggedPrintStream" timestamp="1791649801484" level="INFO" thread="Render thread">
    <log4j:Message><![CDATA[[STDOUT]: [Peregrine self-test] PASS block outline in the chosen color]]></log4j:Message>
  </log4j:Event>
  <log4j:Event logger="net.minecraft.server.LoggedPrintStream" timestamp="1791649801544" level="INFO" thread="Render thread">
    <log4j:Message><![CDATA[[STDOUT]: [Peregrine self-test] PASS ores you can see get an outline]]></log4j:Message>
  </log4j:Event>
  <log4j:Event logger="net.minecraft.server.LoggedPrintStream" timestamp="1791649801600" level="INFO" thread="Render thread">
    <log4j:Message><![CDATA[[STDOUT]: [Peregrine self-test] PASS the sky stops moving]]></log4j:Message>
  </log4j:Event>
  <log4j:Event logger="net.minecraft.server.LoggedPrintStream" timestamp="1791649801638" level="INFO" thread="Render thread">
    <log4j:Message><![CDATA[[STDOUT]: [Peregrine self-test] PASS swing speed changes the swing]]></log4j:Message>
  </log4j:Event>
  <log4j:Event logger="net.minecraft.server.LoggedPrintStream" timestamp="1791649803337" level="INFO" thread="Render thread">
    <log4j:Message><![CDATA[[STDOUT]: [Peregrine self-test] INFO hooks: seed=1000 offset=1000 model=1000 bedrock=14 items=200 crosshair=2467 camera=48 particles=1000 nightvision=1000 animation=334 hitbox=1000 nametag=105 scoreboard=0 fire=0 inventory=0 totem=167 packs=86 fog=1000 outline=97 ores=357 sky=1000 swing=22 sound=0]]></log4j:Message>
  </log4j:Event>
  <log4j:Event logger="net.minecraft.server.LoggedPrintStream" timestamp="1791649803395" level="INFO" thread="Render thread">
    <log4j:Message><![CDATA[[STDOUT]: [Peregrine self-test] INFO counts {on:clear_weather=663633, keybind:clock=1, editor=416, click@95,205/0=1, click@159,102/0=1, click@222,121/0=1, zoom-hook=2486, click@183,106/0=1, zoom-active=95, click@229,51/0=1, menu=670, click@331,89/0=1, mouse=1, click@93,51/0=1, click@245,134/0=1, hud=2575, click@153,90/1=1, on:clean_edges=2575, click@95,51/0=1, click@159,85/0=1, click@162,51/0=1, click@183,100/0=1}]]></log4j:Message>
  </log4j:Event>
  <log4j:Event logger="net.minecraft.server.LoggedPrintStream" timestamp="1791649803395" level="INFO" thread="Render thread">
    <log4j:Message><![CDATA[[STDOUT]: [Peregrine self-test] PASS finished with 0 failure(s)]]></log4j:Message>
  </log4j:Event>
  <log4j:Event logger="net.minecraft.server.LoggedPrintStream" timestamp="1791649804502" level="INFO" thread="CullThread">
    <log4j:Message><![CDATA[[STDOUT]: Shutting down culling task!]]></log4j:Message>
  </log4j:Event>
  <log4j:Event logger="net.minecraft.client.Minecraft" timestamp="1791649804517" level="INFO" thread="Render thread">
    <log4j:Message><![CDATA[Stopping!]]></log4j:Message>
  </log4j:Event>
  <log4j:Event logger="net.minecraft.server.MinecraftServer" timestamp="1791649804558" level="INFO" thread="Server thread">
    <log4j:Message><![CDATA[Stopping server]]></log4j:Message>
  </log4j:Event>
  <log4j:Event logger="net.minecraft.server.MinecraftServer" timestamp="1791649804561" level="INFO" thread="Server thread">
    <log4j:Message><![CDATA[Saving players]]></log4j:Message>
  </log4j:Event>
  <log4j:Event logger="net.minecraft.server.network.ServerGamePacketListenerImpl" timestamp="1791649804568" level="INFO" thread="Server thread">
    <log4j:Message><![CDATA[Tester lost connection: Disconnected]]></log4j:Message>
  </log4j:Event>
  <log4j:Event logger="net.minecraft.server.MinecraftServer" timestamp="1791649804568" level="INFO" thread="Server thread">
    <log4j:Message><![CDATA[Tester left the game]]></log4j:Message>
  </log4j:Event>
  <log4j:Event logger="net.minecraft.server.network.ServerCommonPacketListenerImpl" timestamp="1791649804580" level="INFO" thread="Server thread">
    <log4j:Message><![CDATA[Stopping singleplayer server as player logged out]]></log4j:Message>
  </log4j:Event>
  <log4j:Event logger="net.minecraft.server.MinecraftServer" timestamp="1791649804580" level="INFO" thread="Server thread">
    <log4j:Message><![CDATA[Saving worlds]]></log4j:Message>
  </log4j:Event>
  <log4j:Event logger="net.minecraft.server.MinecraftServer" timestamp="1791649804841" level="INFO" thread="Server thread">
    <log4j:Message><![CDATA[Saving chunks for level 'ServerLevel[world]'/minecraft:overworld]]></log4j:Message>
  </log4j:Event>
  <log4j:Event logger="net.minecraft.server.MinecraftServer" timestamp="1791649805552" level="INFO" thread="Server thread">
    <log4j:Message><![CDATA[Saving chunks for level 'ServerLevel[world]'/minecraft:the_end]]></log4j:Message>
  </log4j:Event>
  <log4j:Event logger="net.minecraft.server.MinecraftServer" timestamp="1791649805560" level="INFO" thread="Server thread">
    <log4j:Message><![CDATA[Saving chunks for level 'ServerLevel[world]'/minecraft:the_nether]]></log4j:Message>
  </log4j:Event>
  <log4j:Event logger="net.minecraft.server.MinecraftServer" timestamp="1791649805568" level="INFO" thread="Server thread">
    <log4j:Message><![CDATA[ThreadedAnvilChunkStorage (world): All chunks are saved]]></log4j:Message>
  </log4j:Event>
  <log4j:Event logger="net.minecraft.server.MinecraftServer" timestamp="1791649805568" level="INFO" thread="Server thread">
    <log4j:Message><![CDATA[ThreadedAnvilChunkStorage (DIM1): All chunks are saved]]></log4j:Message>
  </log4j:Event>
  <log4j:Event logger="net.minecraft.server.MinecraftServer" timestamp="1791649805568" level="INFO" thread="Server thread">
    <log4j:Message><![CDATA[ThreadedAnvilChunkStorage (DIM-1): All chunks are saved]]></log4j:Message>
  </log4j:Event>
  <log4j:Event logger="net.minecraft.server.MinecraftServer" timestamp="1791649805568" level="INFO" thread="Server thread">
    <log4j:Message><![CDATA[ThreadedAnvilChunkStorage: All dimensions are saved]]></log4j:Message>
  </log4j:Event>
  <log4j:Event logger="ChunkBuilder" timestamp="1791649805605" level="INFO" thread="Render thread">
    <log4j:Message><![CDATA[Stopping worker threads]]></log4j:Message>
  </log4j:Event>
